"event_feed_strings_text_att_event_feed_scripted_bel_empire_spawns_forces_primary_detail"	""	"true"
"event_feed_strings_text_att_event_feed_scripted_bel_empire_spawns_forces_secondary_detail"	"Римська імперія знову повстає! Реагуючи на загрози її суверенітету, нові сили знаходяться за кордоном."	"true"
"event_feed_strings_text_att_event_feed_scripted_bel_empire_spawns_forces_title"	"Римська імперія завдає удару у відповідь!"	"true"
"event_feed_strings_text_att_event_feed_string_agent_action_all_primary_detail"	"\#(action_info)"	"true"
"event_feed_strings_text_att_event_feed_string_agent_action_assassinate_kill_female"	"Ворог не міг зрівнятися зі смертельними навичками нашого агента; вона успішно вбила свій знак."	"true"
"event_feed_strings_text_att_event_feed_string_agent_action_assassinate_kill_male"	"Наш агент успішно вбив свою мітку, усунувши потенційну загрозу раз і назавжди."	"true"
"event_feed_strings_text_att_event_feed_string_agent_action_assassinate_kill_male_theirs"	"Один із наших був холоднокровно вбитий ворожим агентом!"	"true"
"event_feed_strings_text_att_event_feed_string_agent_action_assassinate_wound_female"	"Нашому агенту не вдалося вбити її слід, але все ж вдалося нанести відчутну рану."	"true"
"event_feed_strings_text_att_event_feed_string_agent_action_assassinate_wound_male"	"Ціль ледь уникла смерті від рук нашого агента, але не залишилася неушкодженою."	"true"
"event_feed_strings_text_att_event_feed_string_agent_action_assassinate_wound_male_theirs"	"Ворог наблизився до того, щоб убити одного з наших. На щастя, з часом рани загояться."	"true"
"event_feed_strings_text_att_event_feed_string_agent_action_failure_critical_description_female"	"Наша агентка повністю провалила свою місію і була поранена ворогом у відповідь."	"true"
"event_feed_strings_text_att_event_feed_string_agent_action_failure_critical_description_female_theirs"	"Спроба цього агента підірвати наші плани мала чудовий результат, поранивши її під час цього процесу."	"true"
"event_feed_strings_text_att_event_feed_string_agent_action_failure_critical_description_male"	"Наш агент повністю провалив свою місію і був поранений під час спроби втекти."	"true"
"event_feed_strings_text_att_event_feed_string_agent_action_failure_critical_description_male_theirs"	"Їхній агент, явно не відповідаючи поставленому перед ним завданням, був поранений під час спроби втечі."	"true"
"event_feed_strings_text_att_event_feed_string_agent_action_failure_description_female"	"Незважаючи на всі її зусилля, наш агент зіткнувся з розчаруванням. Вона провалила свою місію!"	"true"
"event_feed_strings_text_att_event_feed_string_agent_action_failure_description_female_theirs"	"Їхній агент, обдурений і невмілий, втратив свою силу і не зміг виконати своє завдання."	"true"
"event_feed_strings_text_att_event_feed_string_agent_action_failure_description_male"	"Надзвичайно розчаровує те, що в цьому випадку наш агент не виконав покладених на нього обов’язків."	"true"
"event_feed_strings_text_att_event_feed_string_agent_action_failure_description_male_theirs"	"Невдача стає цією людиною та її господарями; його плани зазнали краху – він зазнав краху!"	"true"
"event_feed_strings_text_att_event_feed_string_agent_action_not_settlement_secondary_detail"	"Агент: \#(agent), \#(agent.type)\n\nЦіль: \#(target)\n\nРезультат: \#(result)\n\nМісцезнаходження: \#(target.region_and_province)"	"true"
"event_feed_strings_text_att_event_feed_string_agent_action_not_settlement_secondary_detail_cannot_fail"	"Агент: \#(agent), \#(agent.type)\n\nTarget: \#(target)\n\nLocation: \#(target.region_and_province)"	"true"
"event_feed_strings_text_att_event_feed_string_agent_action_not_settlement_secondary_detail_theirs"	"Агент: \#(agent), \#(agent.type)\n\nВірність: \#(agent.faction)\n\nЦіль: \#(target)\n\nРезультат: \#(result)\n\ nРозташування: \#(target.region_and_province)"	"true"
"event_feed_strings_text_att_event_feed_string_agent_action_settlement_secondary_detail"	"Агент: \#(agent), \#(agent.type)\n\nЦіль: \#(target.region_and_province)\n\nРезультат: \#(result)"	"true"
"event_feed_strings_text_att_event_feed_string_agent_action_settlement_secondary_detail_theirs"	"Агент: \#(agent), \#(agent.type)\n\nПрихильність: \#(agent.faction)\n\nЦіль: \#(target.region_and_province)\n\nРезультат: \#(result)"	"true"
"event_feed_strings_text_att_event_feed_string_agent_action_success_description_female"	"Успіх слідує за цією жінкою; її завдання виконано успішно!"	"true"
"event_feed_strings_text_att_event_feed_string_agent_action_success_description_female_theirs"	"Їхній агент із жахливою рішучістю довела своє завдання до успішного завершення."	"true"
"event_feed_strings_text_att_event_feed_string_agent_action_success_description_male"	"Наш агент виконав свою місію з належною старанністю та лояльністю!"	"true"
"event_feed_strings_text_att_event_feed_string_agent_action_success_description_male_theirs"	"Їхній агент, наполегливий і розчарований, виконав свою місію!"	"true"
"event_feed_strings_text_att_event_feed_string_agent_discovered_description"	"Незважаючи на всі їхні спроби, наш агент був виявлений іншою фракцією."	"true"
"event_feed_strings_text_att_event_feed_string_agent_discovered_description_theirs"	"Завжди ховається, але не завжди непомічений - ми викрили цього іноземного агента!"	"true"
"event_feed_strings_text_att_event_feed_string_agent_discovered_primary_detail"	"\#(agent)"	"true"
"event_feed_strings_text_att_event_feed_string_agent_discovered_secondary_detail"	"Розташування: \#(agent.region_and_province)"	"true"
"event_feed_strings_text_att_event_feed_string_agent_discovered_secondary_detail_theirs"	"Фракція:\#(agent.faction)\n\n Розташування: \#(agent.region_and_province)"	"true"
"event_feed_strings_text_att_event_feed_string_agent_recruited_description"	"Цей новий агент прибув і готовий працювати."	"true"
"event_feed_strings_text_att_event_feed_string_agent_recruited_primary_detail"	"\#(agent), \#(agent.type)"	"true"
"event_feed_strings_text_att_event_feed_string_agent_recruited_secondary_detail"	"Розташування: \#(agent.region_and_province)"	"true"
"event_feed_strings_text_att_event_feed_string_all_null"	""	"true"
"event_feed_strings_text_att_event_feed_string_character_all_primary_detail"	"\#(character)"	"true"
"event_feed_strings_text_att_event_feed_string_character_all_primary_detail_role"	"\#(character), \#(character.role)"	"true"
"event_feed_strings_text_att_event_feed_string_character_all_primary_detail_type"	"\#(character), \#(character.type)"	"true"
"event_feed_strings_text_att_event_feed_string_character_ancillary_all_primary_detail"	"\#(ancillary)"	"true"
"event_feed_strings_text_att_event_feed_string_character_ancillary_gained_description"	"Один із наших вірних підданих забезпечив домочадців і предмети, щоб допомогти нашій справі."	"true"
"event_feed_strings_text_att_event_feed_string_character_ancillary_gained_secondary_detail"	"Отримано: \#(character), \#(character.type)\n\nМісцезнаходження: \#(character.region_and_province)"	"true"
"event_feed_strings_text_att_event_feed_string_character_ancillary_lost_description"	"Нещасні обставини призвели до втрати члена сім’ї або речі."	"true"
"event_feed_strings_text_att_event_feed_string_character_ancillary_lost_secondary_detail"	"Втрачено: \#(character), \#(character.type)\n\nМісцезнаходження: \#(character.region_and_province)"	"true"
"event_feed_strings_text_att_event_feed_string_character_born_all_primary_detail"	"\#(child)"	"true"
"event_feed_strings_text_att_event_feed_string_character_born_illegitimate_description_female"	"Член вашої родини народив позашлюбну дочку. Це може бути незручно."	"true"
"event_feed_strings_text_att_event_feed_string_character_born_illegitimate_description_male"	"Член вашої родини народив позашлюбного сина. Це може бути незручно."	"true"
"event_feed_strings_text_att_event_feed_string_character_born_illegitimate_secondary_detail"	"Батько: \#(father)\n\nМати: \#(mother)"	"true"
"event_feed_strings_text_att_event_feed_string_character_born_legitimate_description_female"	"Радісний випадок! Ці члени сім’ї були благословенні дочкою."	"true"
"event_feed_strings_text_att_event_feed_string_character_born_legitimate_description_male"	"Радісний випадок! Ці члени сім’ї були благословенні сином."	"true"
"event_feed_strings_text_att_event_feed_string_character_born_legitimate_secondary_detail"	"Батьки: \#(father) - \#(mother)"	"true"
"event_feed_strings_text_att_event_feed_string_character_dies_action_description"	"Цей гідний підданий упав, служачи своєму панові та своєму народу. Честь йому!"	"true"
"event_feed_strings_text_att_event_feed_string_character_dies_action_secondary_detail"	"Ранг: \#(character.rank)\n\nМісцезнаходження: \#(character.region_and_province)"	"true"
"event_feed_strings_text_att_event_feed_string_character_dies_battle_description"	"Наш доблесний полководець упав у бою! Шануйте його!"	"true"
"event_feed_strings_text_att_event_feed_string_character_dies_battle_description_theirs"	"Наш благородний ворог упав у бою проти нас!"	"true"
"event_feed_strings_text_att_event_feed_string_character_dies_battle_secondary_detail"	"Ранг: \#(character.rank)\n\nКомандування: \#(character.force)\n\nОпонент: \#(opponent.primary_general), \#(opponent.primary_force), \#(opponent)\n\ nРозташування: \#(character.region_and_province)"	"true"
"event_feed_strings_text_att_event_feed_string_character_dies_battle_secondary_detail_theirs"	"Вірність: \#(character.faction)\n\nЗвання: \#(character.rank)\n\nКомандування: \#(character.force)\n\nОпонент: \#(opponent.primary_general), \#(opponent.primary_force)\n\nРозташування: \#(character.region_and_province)"	"true"
"event_feed_strings_text_att_event_feed_string_character_dies_hostile_description"	"Наш вірний підданий був убитий із бездушною жорстокістю ворожими агентами."	"true"
"event_feed_strings_text_att_event_feed_string_character_dies_hostile_description_theirs"	"Наш агент із холодним розрахунком і передбачливістю вбив ворожого підданого відповідно до вашої примхи."	"true"
"event_feed_strings_text_att_event_feed_string_character_dies_hostile_secondary_detail"	"Ранг: \#(character.rank)\n\nМісцезнаходження: \#(character.region_and_province)"	"true"
"event_feed_strings_text_att_event_feed_string_character_dies_hostile_secondary_detail_theirs"	"Вірність: \#(character.faction)\n\nRank: \#(character.rank)\n\nМісцезнаходження: \#(character.region_and_province)"	"true"
"event_feed_strings_text_att_event_feed_string_character_dies_infant_mortality_description_female"	"Життя невибіркове у своїй жорстокості. Ця дівчина пішла з життя, не досягнувши повноліття."	"true"
"event_feed_strings_text_att_event_feed_string_character_dies_infant_mortality_description_male"	"Життя невибіркове у своїй жорстокості. Цей хлопець пішов з життя, не досягнувши повноліття."	"true"
"event_feed_strings_text_att_event_feed_string_character_dies_infant_mortality_secondary_detail"	"Вік: \#(character.age)"	"true"
"event_feed_strings_text_att_event_feed_string_character_dies_natural_description"	"Життя вдарило по нашому шановному підданому; їх більше немає."	"true"
"event_feed_strings_text_att_event_feed_string_character_dies_natural_secondary_detail"	"Вік: \#(character.age)\n\nЗвання: \#(character.rank)\n\nМісцезнаходження: \#(character.region_and_province)"	"true"
"event_feed_strings_text_att_event_feed_string_character_dies_natural_secondary_detail_female"	"Вік: \#(character.age)\n\nМісцезнаходження: \#(character.region_and_province)"	"true"
"event_feed_strings_text_att_event_feed_string_character_dies_political_assassination_description"	"Дехто піде на все, щоб реалізувати свої амбіції, навіть на вбивство."	"true"
"event_feed_strings_text_att_event_feed_string_character_dies_suspicious_description"	"Наш суб'єкт помер за підозрілих обставин. Остерігайтеся ворожих агентів."	"true"
"event_feed_strings_text_att_event_feed_string_character_dies_suspicious_secondary_detail"	"Ранг: \#(character.rank)\n\nМісцезнаходження: \#(character.region_and_province)"	"true"
"event_feed_strings_text_att_event_feed_string_character_loyalty_low_description"	"Ходять чутки, що вірність цієї людини похитнулася. Якщо ми хочемо уникнути громадянської війни, ми повинні переконатися, що вона більше не розгортатиметься."	"true"
"event_feed_strings_text_att_event_feed_string_character_loyalty_low_secondary_detail"	"Ранг: \#(character.rank)\n\nМісцезнаходження: \#(character.region_and_province)"	"true"
"event_feed_strings_text_att_event_feed_string_character_rank_gained_description"	"Старанність і обов'язок принесли свої плоди - цей персонаж підвищився в званні."	"true"
"event_feed_strings_text_att_event_feed_string_character_rank_gained_secondary_detail"	"Ранг: \#(character.rank)\n\nМісцезнаходження: \#(character.region_and_province)"	"true"
"event_feed_strings_text_att_event_feed_string_character_ready_for_duty_description"	"Після періоду відсутності цей суб’єкт готовий повернутися до виконання обов’язків."	"true"
"event_feed_strings_text_att_event_feed_string_character_ready_for_duty_secondary_detail"	"Розташування: \#(character.region_and_province)"	"true"
"event_feed_strings_text_att_event_feed_string_character_trait_all_primary_detail"	"\#(trait)"	"true"
"event_feed_strings_text_att_event_feed_string_character_trait_gained_description"	"Через життєві випробування ця людина навчилася багато чому, як доброму, так і поганому."	"true"
"event_feed_strings_text_att_event_feed_string_character_trait_gained_secondary_detail"	"Отримано: \#(character), \#(character.type)\n\nМісцезнаходження: \#(character.region_and_province)"	"true"
"event_feed_strings_text_att_event_feed_string_character_trait_lost_description"	"Подібно до мінливих небес, цей чоловік відмовився від того, що колись вважав істинним."	"true"
"event_feed_strings_text_att_event_feed_string_character_trait_lost_secondary_detail"	"Втрачено: \#(character), \#(character.type)\n\nМісцезнаходження: \#(character.region_and_province)"	"true"
"event_feed_strings_text_att_event_feed_string_character_wounded_description"	"Наш вірний підданий був поранений ворогом. Однак смерть була їм не під силу."	"true"
"event_feed_strings_text_att_event_feed_string_character_wounded_description_theirs"	"Наш агент із завзятою майстерністю поранив ворожого підданого."	"true"
"event_feed_strings_text_att_event_feed_string_character_wounded_secondary_detail"	"Ранг: \#(character.rank)\n\nМісцезнаходження: \#(character.region_and_province)"	"true"
"event_feed_strings_text_att_event_feed_string_character_wounded_secondary_detail_theirs"	"Вірність: \#(character.faction)\n\nRank: \#(character.rank)\n\nМісцезнаходження: \#(character.region_and_province)"	"true"
"event_feed_strings_text_att_event_feed_string_conquest_battle_description_draw"	"Наша битва з ворогом зайшла в глухий кут."	"true"
"event_feed_strings_text_att_event_feed_string_conquest_battle_description_loser"	"Трагедія! Ворог переміг наші сили в бою."	"true"
"event_feed_strings_text_att_event_feed_string_conquest_battle_description_winner"	"Перемога! Ми перемогли ворога!"	"true"
"event_feed_strings_text_att_event_feed_string_conquest_battle_primary_detail_attacker_result"	"\#(attacker_result)"	"true"
"event_feed_strings_text_att_event_feed_string_conquest_battle_primary_detail_defender_result"	"\#(defender_result)"	"true"
"event_feed_strings_text_att_event_feed_string_conquest_battle_secondary_detail_attacker"	"Супротивник: \#(defender)\n\nСили: \#(attacker.primary_force) проти \#(defender.primary_force)\n\nКомандири: \#(attacker.primary_general) проти \#(defender.primary_general)\ n\nCasualties: \#(attacker_result.primary_participant_casualties)/\#(attacker_result.primary_participant_mancount) проти \#(defender_result.primary_participant_casualties)/\#(defender_result.primary_participant_mancount)\n\nLocation: \#(attacker.region_and_province)"	"true"
"event_feed_strings_text_att_event_feed_string_conquest_battle_secondary_detail_defender"	"Супротивник: \#(attacker)\n\nСили: \#(defender.primary_force) проти \#(attacker.primary_force)\n\nКомандири: \#(defender.primary_general) проти \#(attacker.primary_general)\ n\nCasualties: \#(defender_result.primary_participant_casualties)/\#(defender_result.primary_participant_mancount) vs.\#(attacker_result.primary_participant_casualties)/\#(attacker_result.primary_participant_mancount)\n\nLocation: \#(defender.region_and_province)"	"true"
"event_feed_strings_text_att_event_feed_string_conquest_blockade_all_primary_detail"	"\#(blockaded.region_and_province)"	"true"
"event_feed_strings_text_att_event_feed_string_conquest_blockade_established_description"	"Наш флот почав блокаду цього ворожого порту."	"true"
"event_feed_strings_text_att_event_feed_string_conquest_blockade_established_description_theirs"	"Конкуруючий флот блокує один із наших портів!"	"true"
"event_feed_strings_text_att_event_feed_string_conquest_blockade_established_secondary_detail"	"Сила блокування: \#(blockader.general), \#(blockader)"	"true"
"event_feed_strings_text_att_event_feed_string_conquest_blockade_established_secondary_detail_theirs"	"Сила блокування: \#(blockader.general), \#(blockader), \#(blockader.faction)"	"true"
"event_feed_strings_text_att_event_feed_string_conquest_blockade_lifted_description"	"Наш флот припинив блокаду цього порту."	"true"
"event_feed_strings_text_att_event_feed_string_conquest_blockade_lifted_description_theirs"	"Ворожий флот зняв блокаду нашого порту!"	"true"
"event_feed_strings_text_att_event_feed_string_conquest_blockade_lifted_secondary_detail"	"Сила блокування: \#(blockader.general), \#(blockader)"	"true"
"event_feed_strings_text_att_event_feed_string_conquest_blockade_lifted_secondary_detail_theirs"	"Сила блокування: \#(blockader.general), \#(blockader), \#(blockader.faction)"	"true"
"event_feed_strings_text_att_event_feed_string_conquest_enemy_raid_primary_detail"	"\#(raider.region_and_province)"	"true"
"event_feed_strings_text_att_event_feed_string_conquest_enemy_raid_secondary_detail"	"Рейд: \#(raider), \#(raider.faction)"	"true"
"event_feed_strings_text_att_event_feed_string_conquest_enemy_raid_settlement_description"	"Рейди в нашому регіоні впливають на місцевий громадський порядок і виробництво продуктів харчування."	"true"
"event_feed_strings_text_att_event_feed_string_conquest_enemy_raid_trade_route_description"	"Сила вторгається на наш торговий шлях!"	"true"
"event_feed_strings_text_att_event_feed_string_conquest_province_all_primary_detail"	"\#(province)"	"true"
"event_feed_strings_text_att_event_feed_string_conquest_province_contested_description"	"Ми втратили абсолютний контроль над цією провінцією на користь конкуруючої фракції. Вони з часом заплатять за це."	"true"
"event_feed_strings_text_att_event_feed_string_conquest_province_contested_secondary_detail"	"Фракція змагання: \#(contesting)"	"true"
"event_feed_strings_text_att_event_feed_string_conquest_province_edict_cancelled_description"	"Обставини унеможливили дотримання цього губернського указу."	"true"
"event_feed_strings_text_att_event_feed_string_conquest_province_edict_issued_description"	"Губернатор цієї провінції видав указ і буде діяти доти, доки не буде наказано інше."	"true"
"event_feed_strings_text_att_event_feed_string_conquest_province_edict_primary_detail"	"\#(edict)"	"true"
"event_feed_strings_text_att_event_feed_string_conquest_province_edict_secondary_detail"	"Провінція: \#(province)"	"true"
"event_feed_strings_text_att_event_feed_string_conquest_province_secured_description"	"Ми забезпечили повний контроль над цією провінцією."	"true"
"event_feed_strings_text_att_event_feed_string_conquest_sea_region_all_primary_detail"	"\#(region)"	"true"
"event_feed_strings_text_att_event_feed_string_conquest_sea_region_contested_description"	"Ми втратили абсолютний контроль над цим морським регіоном на користь конкуруючої фракції."	"true"
"event_feed_strings_text_att_event_feed_string_conquest_sea_region_contested_secondary_detail"	"Фракція змагання: \#(contesting)"	"true"
"event_feed_strings_text_att_event_feed_string_conquest_sea_region_controlled_description"	"Ми забезпечили повний контроль над цими водами."	"true"
"event_feed_strings_text_att_event_feed_string_conquest_settlement_all_primary_detail"	"\#(settlement.region_and_province)"	"true"
"event_feed_strings_text_att_event_feed_string_conquest_settlement_captured_capital_description"	"Наші доблесні сили з праведним завзяттям відбили нашу столицю у ворога."	"true"
"event_feed_strings_text_att_event_feed_string_conquest_settlement_captured_description"	"Наші сили заволоділи цим поселенням, дозволяючи нам розвивати наші військові та громадянські амбіції."	"true"
"event_feed_strings_text_att_event_feed_string_conquest_settlement_captured_secondary_detail"	"Провінція: \#(settlement.province)\n\nCaptured from: \#(captured_from)"	"true"
"event_feed_strings_text_att_event_feed_string_conquest_settlement_lost_capital_description"	"Ворог захопив нашу столицю! Ми повинні відбити його за всяку ціну!"	"true"
"event_feed_strings_text_att_event_feed_string_conquest_settlement_lost_description"	"Катастрофа! Ми втратили це поселення ворогу!"	"true"
"event_feed_strings_text_att_event_feed_string_conquest_settlement_lost_secondary_detail"	"Провінція: \#(settlement.province)\n\nЗахоплено: \#(occupier)"	"true"
"event_feed_strings_text_att_event_feed_string_conquest_settlement_surrender_warning_description"	"Наше селище на межі капітуляції перед ворогом! Треба вдарити негайно."	"true"
"event_feed_strings_text_att_event_feed_string_conquest_settlement_surrender_warning_secondary_detail"	"Облогові сили: \#(besieger.general), \#(besieger), \#(besieger.faction)"	"true"
"event_feed_strings_text_att_event_feed_string_conquest_siege_established_description"	"Наша армія почала облаштування цього ворожого населеного пункту. Вони оточені!"	"true"
"event_feed_strings_text_att_event_feed_string_conquest_siege_established_description_theirs"	"Ворожа сила почала інвестувати одне з наших поселень! Ми оточені!"	"true"
"event_feed_strings_text_att_event_feed_string_conquest_siege_established_secondary_detail"	"Облогові сили: \#(besieger.general), \#(besieger)"	"true"
"event_feed_strings_text_att_event_feed_string_conquest_siege_established_secondary_detail_theirs"	"Облогові сили: \#(besieger.general), \#(besieger), \#(besieger.faction)"	"true"
"event_feed_strings_text_att_event_feed_string_conquest_siege_lifted_description"	"Наша армія завершила інвестування цього ворожого населеного пункту."	"true"
"event_feed_strings_text_att_event_feed_string_conquest_siege_lifted_description_theirs"	"Ворожа сила закінчила інвестування нашого поселення!"	"true"
"event_feed_strings_text_att_event_feed_string_conquest_siege_lifted_secondary_detail"	"Облогові сили: \#(besieger.general), \#(besieger)"	"true"
"event_feed_strings_text_att_event_feed_string_conquest_siege_lifted_secondary_detail_theirs"	"Облогові сили: \#(besieger.general), \#(besieger), \#(besieger.faction)"	"true"
"event_feed_strings_text_att_event_feed_string_diplomacy_faction_all_primary_detail"	"\#(faction)"	"true"
"event_feed_strings_text_att_event_feed_string_diplomacy_faction_destroyed_description"	"Ця фракція не зрівнялася з їхніми ворогами; їх більше немає."	"true"
"event_feed_strings_text_att_event_feed_string_diplomacy_faction_destroyed_description_theirs"	"Цю фракцію знищили вороги."	"true"
"event_feed_strings_text_att_event_feed_string_diplomacy_faction_emerges_description"	"Ця фракція, яку колись вважали втраченою, відродилася з попелу."	"true"
"event_feed_strings_text_att_event_feed_string_diplomacy_faction_encountered_description"	"Ми встановили контакт із цією фракцією і тепер можемо налагодити відносини або, якщо вважаємо за потрібне, розпочати з ними війну."	"true"
"event_feed_strings_text_att_event_feed_string_diplomacy_faction_encountered_primary_detail"	"\#(faction_2)"	"true"
"event_feed_strings_text_att_event_feed_string_diplomacy_faction_encountered_secondary_detail"	"Столиця: \#(faction_2.region_and_province)"	"true"
"event_feed_strings_text_att_event_feed_string_diplomacy_faction_joins_war_description_ally"	"Ми приєдналися до наших союзників у спробі позбавити світ від наших спільних ворогів."	"true"
"event_feed_strings_text_att_event_feed_string_diplomacy_faction_joins_war_description_enemy"	"Ця фракція приєдналася до наших ворогів, щоб воювати проти нас. Вони з часом заплатять за це."	"true"
"event_feed_strings_text_att_event_feed_string_diplomacy_faction_joins_war_description_theirs"	"Ця фракція приєдналася до війни, що триває. Чи правильним було їхнє рішення, покаже час."	"true"
"event_feed_strings_text_att_event_feed_string_diplomacy_faction_joins_war_description_yours"	"Ця фракція об’єднала зусилля з нами, щоб позбавити світ від наших спільних ворогів."	"true"
"event_feed_strings_text_att_event_feed_string_diplomacy_faction_joins_war_primary_detail_invited_by"	"\#(war_faction_2)"	"true"
"event_feed_strings_text_att_event_feed_string_diplomacy_faction_joins_war_primary_detail_joined_against"	"\#(joining_faction)"	"true"
"event_feed_strings_text_att_event_feed_string_diplomacy_faction_joins_war_primary_detail_joined_by"	"\#(war_faction_1)"	"true"
"event_feed_strings_text_att_event_feed_string_diplomacy_faction_joins_war_secondary_detail_ally"	"Приєднання до вас проти: \#(joining_faction)"	"true"
"event_feed_strings_text_att_event_feed_string_diplomacy_faction_joins_war_secondary_detail_invited_by"	"Запрошений: \#(war_faction_2)"	"true"
"event_feed_strings_text_att_event_feed_string_diplomacy_faction_joins_war_secondary_detail_joined_theirs"	"\#(war_faction_1) проти \#(joining_faction)"	"true"
"event_feed_strings_text_att_event_feed_string_diplomacy_secondary_detail_faction_region_province"	"Столиця: \#(fraction.region_and_province)"	"true"
"event_feed_strings_text_att_event_feed_string_diplomacy_secondary_detail_recipient_region_province"	"Столиця: \#(recipient.region_and_province)"	"true"
"event_feed_strings_text_att_event_feed_string_diplomacy_treaty_all_primary_detail_actor"	"\#(actor)"	"true"
"event_feed_strings_text_att_event_feed_string_diplomacy_treaty_all_primary_detail_actor_recipient"	"\#(actor)\n \#(recipient)"	"true"
"event_feed_strings_text_att_event_feed_string_diplomacy_treaty_all_primary_detail_recipient"	"\#(recipient)"	"true"
"event_feed_strings_text_att_event_feed_string_diplomacy_treaty_broken_all_manipulated_secondary_detail"	"Оброблено: \#(negotiated_by)"	"true"
"event_feed_strings_text_att_event_feed_string_diplomacy_treaty_broken_client_state_description"	"Ми надали нашій державі-даннику незалежність."	"true"
"event_feed_strings_text_att_event_feed_string_diplomacy_treaty_broken_client_state_description_them"	"Наша держава-данниця проголосила незалежність."	"true"
"event_feed_strings_text_att_event_feed_string_diplomacy_treaty_broken_client_state_manipulated_description"	"Наша держава-данниця проголосила незалежність, підбурювана маніпулятивною третьою стороною."	"true"
"event_feed_strings_text_att_event_feed_string_diplomacy_treaty_broken_defensive_alliance_description"	"Наш оборонний союз із цією фракцією розпався. Тепер ми повинні покладатися на власні щити, а не на чужі."	"true"
"event_feed_strings_text_att_event_feed_string_diplomacy_treaty_broken_defensive_alliance_description_theirs"	"Оборонний альянс між цими двома фракціями розпався."	"true"
"event_feed_strings_text_att_event_feed_string_diplomacy_treaty_broken_defensive_alliance_manipulated_description"	"Наш оборонний союз із цією фракцією розпався. Ми звинувачуємо підступи іншого в розриві відносин."	"true"
"event_feed_strings_text_att_event_feed_string_diplomacy_treaty_broken_military_access_pact_description"	"У нас більше немає угоди про військовий доступ із цією фракцією. Остерігайтеся вторгнення."	"true"
"event_feed_strings_text_att_event_feed_string_diplomacy_treaty_broken_military_access_pact_description_theirs"	"Угода про військовий доступ між цими двома фракціями розвалилася."	"true"
"event_feed_strings_text_att_event_feed_string_diplomacy_treaty_broken_military_access_pact_manipulated_description"	"Цю фракцію переконали скасувати наш військовий доступ. Будьте обережні з їх посяганням."	"true"
"event_feed_strings_text_att_event_feed_string_diplomacy_treaty_broken_military_alliance_description"	"Наш військовий союз із цією фракцією розпався. Зараз має вистачити власних сил."	"true"
"event_feed_strings_text_att_event_feed_string_diplomacy_treaty_broken_military_alliance_description_theirs"	"Військовий союз між цими двома фракціями розпався."	"true"
"event_feed_strings_text_att_event_feed_string_diplomacy_treaty_broken_military_alliance_manipulated_description"	"Наш військовий альянс із цією фракцією розпався через таємні дії іншої. Тепер ми повинні боротися поодинці."	"true"
"event_feed_strings_text_att_event_feed_string_diplomacy_treaty_broken_non_aggression_pact_description"	"Наш пакт про ненапад із цією фракцією завершився. Остерігайтеся насильства."	"true"
"event_feed_strings_text_att_event_feed_string_diplomacy_treaty_broken_non_aggression_pact_description_theirs"	"Договір про ненапад між цими двома фракціями розпався."	"true"
"event_feed_strings_text_att_event_feed_string_diplomacy_treaty_broken_non_aggression_pact_manipulated_description"	"Ця фракція припинила свій договір про ненапад з нами, переконана в цьому маніпулятивною третьою стороною."	"true"
"event_feed_strings_text_att_event_feed_string_diplomacy_treaty_broken_trade_agreement_description"	"Торгові відносини з цією фракцією були припинені."	"true"
"event_feed_strings_text_att_event_feed_string_diplomacy_treaty_broken_trade_agreement_description_theirs"	"Торгівля між цими двома фракціями припинилася."	"true"
"event_feed_strings_text_att_event_feed_string_diplomacy_treaty_broken_trade_agreement_dissolved_description"	"Зміна обставин призвела до того, що нам необхідно розірвати торгові відносини з цією фракцією."	"true"
"event_feed_strings_text_att_event_feed_string_diplomacy_treaty_broken_trade_agreement_manipulated_description"	"Брехня інших призвела до припинення наших торгових відносин із цією фракцією."	"true"
"event_feed_strings_text_att_event_feed_string_diplomacy_treaty_broken_vassal_description"	"Ми надали нашій маріонетковій державі незалежність."	"true"
"event_feed_strings_text_att_event_feed_string_diplomacy_treaty_broken_vassal_description_them"	"Наша маріонеткова держава проголосила незалежність."	"true"
"event_feed_strings_text_att_event_feed_string_diplomacy_treaty_broken_vassal_manipulated_description"	"Наша маріонеткова держава проголосила незалежність, підбурювана маніпулятивною третьою стороною."	"true"
"event_feed_strings_text_att_event_feed_string_diplomacy_treaty_negotiated_client_state_description"	"Після періоду переговорів ця фракція погодилася стати нашою державою-данником."	"true"
"event_feed_strings_text_att_event_feed_string_diplomacy_treaty_negotiated_defensive_alliance_description"	"Ми встановили оборонний союз із цією фракцією, захищаючи нас обох."	"true"
"event_feed_strings_text_att_event_feed_string_diplomacy_treaty_negotiated_defensive_alliance_description_theirs"	"Ці дві фракції створили оборонний союз. Напасти на одного тепер означає напасти на обох."	"true"
"event_feed_strings_text_att_event_feed_string_diplomacy_treaty_negotiated_military_access_pact_description"	"Ми уклали з цією фракцією угоду про військовий доступ і можемо мирно перетинати їхні землі."	"true"
"event_feed_strings_text_att_event_feed_string_diplomacy_treaty_negotiated_military_access_pact_description_theirs"	"Ці дві фракції уклали угоду про військовий доступ."	"true"
"event_feed_strings_text_att_event_feed_string_diplomacy_treaty_negotiated_military_alliance_description"	"Ми встановили військовий союз із цією фракцією, що зміцнило нас обох."	"true"
"event_feed_strings_text_att_event_feed_string_diplomacy_treaty_negotiated_military_alliance_description_theirs"	"Ці дві фракції створили військовий союз. Війна з одним тепер війна з обома."	"true"
"event_feed_strings_text_att_event_feed_string_diplomacy_treaty_negotiated_non_aggression_pact_description"	"Ми уклали договір про ненапад із цією фракцією, що допомагає забезпечити наше взаємне виживання."	"true"
"event_feed_strings_text_att_event_feed_string_diplomacy_treaty_negotiated_non_aggression_pact_description_theirs"	"Ці дві фракції уклали пакт про ненапад."	"true"
"event_feed_strings_text_att_event_feed_string_diplomacy_treaty_negotiated_peace_description"	"Ми вирішили наші розбіжності з цією фракцією та домовилися про мирний договір. Час покаже, чи це триватиме."	"true"
"event_feed_strings_text_att_event_feed_string_diplomacy_treaty_negotiated_peace_description_theirs"	"Ці дві фракції вирішили свої розбіжності та домовилися про мирний договір."	"true"
"event_feed_strings_text_att_event_feed_string_diplomacy_treaty_negotiated_trade_agreement_description"	"Ми домовилися про торговельну угоду з цією фракцією. Нехай товар тече!"	"true"
"event_feed_strings_text_att_event_feed_string_diplomacy_treaty_negotiated_trade_agreement_description_theirs"	"Ці дві фракції уклали торгову угоду."	"true"
"event_feed_strings_text_att_event_feed_string_diplomacy_treaty_negotiated_vassal_description"	"Після періоду насильницьких «переговорів» ця фракція стала нашою маріонетковою державою."	"true"
"event_feed_strings_text_att_event_feed_string_diplomacy_treaty_war_declared_description"	"Ми на війні. Наші вороги підкоряться або будуть знищені."	"true"
"event_feed_strings_text_att_event_feed_string_diplomacy_treaty_war_declared_description_theirs"	"Дипломатія зазнала невдачі; ці дві фракції зараз воюють."	"true"
"event_feed_strings_text_att_event_feed_string_diplomacy_trespassing_description"	"Наші війська без дозволу перетнули чужу територію; це матиме дипломатичні наслідки."	"true"
"event_feed_strings_text_att_event_feed_string_diplomacy_trespassing_description_theirs"	"Чужа сила проникла на нашу територію без дозволу; остерігайтеся їхнього наміру."	"true"
"event_feed_strings_text_att_event_feed_string_diplomacy_trespassing_primary_detail"	"\#(force)"	"true"
"event_feed_strings_text_att_event_feed_string_diplomacy_trespassing_secondary_detail"	"Порушення поблизу: \#(force.region)\n\nФракція власника: \#(faction)"	"true"
"event_feed_strings_text_att_event_feed_string_diplomacy_trespassing_secondary_detail_theirs"	"Вірність: \#(force.faction)\n\nПорушення поблизу: \#(force.region)"	"true"
"event_feed_strings_text_att_event_feed_string_diplomacy_war_coordination_ally_mobilisation_all_primary_detail"	"\#(ally)"	"true"
"event_feed_strings_text_att_event_feed_string_diplomacy_war_coordination_ally_mobilisation_vs_force_description"	"Ми отримали повідомлення: наш союзник має намір атакувати цю ворожу силу при наступній нагоді."	"true"
"event_feed_strings_text_att_event_feed_string_diplomacy_war_coordination_ally_mobilisation_vs_force_secondary_detail"	"Мета: \#(target)\n\nВірність: \#(target.faction)\n\nМісцезнаходження: \#(target.region_and_province)"	"true"
"event_feed_strings_text_att_event_feed_string_diplomacy_war_coordination_ally_mobilisation_vs_region_description"	"Ми отримали повідомлення: наш союзник має намір атакувати це вороже поселення при наступній нагоді."	"true"
"event_feed_strings_text_att_event_feed_string_diplomacy_war_coordination_ally_mobilisation_vs_region_secondary_detail"	"Ціль: \#(target)\n\nВірність: \#(target.faction)"	"true"
"event_feed_strings_text_att_event_feed_string_diplomacy_war_coordination_target_all_primary_detail"	"\#(faction.known_to)"	"true"
"event_feed_strings_text_att_event_feed_string_diplomacy_war_coordination_target_available_description"	"Тепер ми маємо спільного ворога з нашими союзниками. Тепер їхні володіння можуть стати ціллю під час зусиль з координації війни: залучайтеся до дипломатії, щоб оцінити взаємні загрози та видавати стратегічні запити."	"true"
"event_feed_strings_text_att_event_feed_string_diplomacy_war_coordination_target_available_primary_details"	"Цілі доступні"	"true"
"event_feed_strings_text_att_event_feed_string_diplomacy_war_coordination_target_not_available_description"	"Дипломатичні обставини зумовили те, що ми втратили спільного ворога з нашими союзниками. Їхні володіння більше не можуть бути ціллю для координації війни за допомогою дипломатії."	"true"
"event_feed_strings_text_att_event_feed_string_diplomacy_war_coordination_target_unavailable_primary_details"	"Цілі втрачені"	"true"
"event_feed_strings_text_att_event_feed_string_faction_bankruptcy_description"	"Наша казна порожня. Це матиме жахливі наслідки для нашого народу, і невдовзі."	"true"
"event_feed_strings_text_att_event_feed_string_faction_bankruptcy_secondary_detail"	"Витрати: \#(expenditure)"	"true"
"event_feed_strings_text_att_event_feed_string_faction_bankruptcy_warning_description"	"Наші витрати перевищують наші фінансові можливості. Ми будемо банкрутами, якщо не вживемо заходів, щоб це виправити."	"true"
"event_feed_strings_text_att_event_feed_string_faction_bankruptcy_warning_secondary_detail"	"Витрати: \#(expenditure)"	"true"
"event_feed_strings_text_att_event_feed_string_faction_campaign_chapter_objective_complete_description"	"Час йде вперед. Ми багато чого досягли, але наші люди стикаються з дедалі більшими труднощами."	"true"
"event_feed_strings_text_att_event_feed_string_faction_campaign_chapter_objective_complete_primary_detail"	"\#(mission)"	"true"
"event_feed_strings_text_att_event_feed_string_faction_campaign_chapter_objective_complete_secondary_detail"	"\#(mission.description)\n\nДодаткові цілі виконано: \#(mission.completed_bonus_objectives)/\#(mission.total_bonus_objectives)"	"true"
"event_feed_strings_text_att_event_feed_string_faction_campaign_lost_description"	"Історію пишуть ті, хто виживе. Що про нас скажуть, коли наших людей уже нема\?"	"true"
"event_feed_strings_text_att_event_feed_string_faction_campaign_victory_objective_complete_description"	"Історію пишуть ті, хто виживе. Ми вийшли переможцями з цього темного періоду; наша сила і мудрість ведуть нас у майбутнє."	"true"
"event_feed_strings_text_att_event_feed_string_faction_civil_war_all_primary_detail"	"\#(instigator)"	"true"
"event_feed_strings_text_att_event_feed_string_faction_civil_war_character_description"	"Цей підступний чоловік порушив вашу волю і розпочав громадянську війну. Його потрібно зупинити, перш ніж він стане надто могутнім."	"true"
"event_feed_strings_text_att_event_feed_string_faction_civil_war_character_secondary_detail"	"Розташування: \#(instigator.region_and_province)"	"true"
"event_feed_strings_text_att_event_feed_string_faction_civil_war_ends_description"	"Сепаратистів розгромлено; громадянська війна закінчилася."	"true"
"event_feed_strings_text_att_event_feed_string_faction_civil_war_force_description"	"Заколот у цих силах спричинив розкол у рядах. Багато дезертирували, щоб створити сепаратистські сили: їх треба зупинити!"	"true"
"event_feed_strings_text_att_event_feed_string_faction_civil_war_force_secondary_detail"	"Розташування: \#(instigator.region_and_province)"	"true"
"event_feed_strings_text_att_event_feed_string_faction_civil_war_province_description"	"Це не звичайне повстання; сепаратисти в цій провінції мобілізувалися, щоб повністю повалити ваше правління. Громадянська війна над нами!"	"true"
"event_feed_strings_text_att_event_feed_string_faction_event_all_description"	"\#(event.description_text)"	"true"
"event_feed_strings_text_att_event_feed_string_faction_event_dilemma_primary_detail"	"\#(dilemma.target)"	"true"
"event_feed_strings_text_att_event_feed_string_faction_event_dilemma_secondary_detail"	"\#(dilemma.description)"	"true"
"event_feed_strings_text_att_event_feed_string_faction_event_incident_primary_detail"	"\#(payload.target)"	"true"
"event_feed_strings_text_att_event_feed_string_faction_event_incident_secondary_detail"	"\#(incident.description)"	"true"
"event_feed_strings_text_att_event_feed_string_faction_event_mission_aborted_secondary_detail"	"\#(mission.description)"	"true"
"event_feed_strings_text_att_event_feed_string_faction_event_mission_failed_secondary_detail"	"\#(mission.description)"	"true"
"event_feed_strings_text_att_event_feed_string_faction_event_mission_issued_secondary_detail"	"\#(mission.description)"	"true"
"event_feed_strings_text_att_event_feed_string_faction_event_mission_primary_detail"	"\#(mission)"	"true"
"event_feed_strings_text_att_event_feed_string_faction_event_mission_success_secondary_detail"	"\#(mission.description)"	"true"
"event_feed_strings_text_att_event_feed_string_faction_famine_description"	"Ми споживаємо більше їжі, ніж можемо виробити. Люди голодують, напруга висока."	"true"
"event_feed_strings_text_att_event_feed_string_faction_heir_nominated_description"	"Цей чоловік був оголошений вашим спадкоємцем і зійде на трон після вашої смерті."	"true"
"event_feed_strings_text_att_event_feed_string_faction_heir_nominated_primary_detail"	"\#(heir)"	"true"
"event_feed_strings_text_att_event_feed_string_faction_heir_nominated_secondary_detail"	"Розташування: \#(heir.region_and_province)"	"true"
"event_feed_strings_text_att_event_feed_string_faction_horde_begins_description"	"Наближаються зміни. Наші люди тепер у русі, вільні завойовувати або оселятися, де заманеться."	"true"
"event_feed_strings_text_att_event_feed_string_faction_horde_begins_secondary_detail"	"Колишня столиця: \#(capital)"	"true"
"event_feed_strings_text_att_event_feed_string_faction_horde_ends_description"	"Настав час для нового початку. Наші люди знову осіли."	"true"
"event_feed_strings_text_att_event_feed_string_faction_horde_ends_secondary_detail"	"Нова столиця: \#(capital)"	"true"
"event_feed_strings_text_att_event_feed_string_faction_imperium_level_increase_description"	"Зі зростанням нашої влади зростає і наша здатність до рішучих дій."	"true"
"event_feed_strings_text_att_event_feed_string_faction_imperium_level_increase_secondary_detail"	"Рівень імперії: \#(faction.fame_level)\n\n\#(faction.fame_level_description)"	"true"
"event_feed_strings_text_att_event_feed_string_faction_political_ministerial_term_ended_description"	"У цієї людини завершився термін повноважень. Тепер він може бути призначений на вищу."	"true"
"event_feed_strings_text_att_event_feed_string_faction_political_ministerial_term_ended_secondary_detail"	"Професія: \#(character.role)\n\nКолишня посада: \#(post)"	"true"
"event_feed_strings_text_att_event_feed_string_faction_political_party_power_change_description"	"Баланс сил змінився. У результаті змінилося й те, що означає тут керувати."	"true"
"event_feed_strings_text_att_event_feed_string_faction_political_party_power_change_secondary_detail"	"Поточна потужність: \#(party.power)%"	"true"
"event_feed_strings_text_att_event_feed_string_faction_political_subject_description"	"Візьміть участь у фракційній політиці, щоб мати справу з вашою темою, або зачекайте, поки ця велична справа закінчиться."	"true"
"event_feed_strings_text_att_event_feed_string_faction_political_subject_primary_detail"	"\#(dilemma)"	"true"
"event_feed_strings_text_att_event_feed_string_faction_political_subject_secondary_detail"	"Тема: \#(subject)\n\n\#(dilemma.description)"	"true"
"event_feed_strings_text_att_event_feed_string_faction_religion_change_description"	"Ми прийняли іншу релігію, випробування віри, коли шукаємо відповіді на великі таємниці життя."	"true"
"event_feed_strings_text_att_event_feed_string_faction_religion_change_description_theirs"	"Світ повний таємниць. У пошуках відповідей ця фракція прийняла іншу релігію."	"true"
"event_feed_strings_text_att_event_feed_string_faction_religion_change_primary_detail"	"\#(faction.state_religion)"	"true"
"event_feed_strings_text_att_event_feed_string_faction_religion_change_secondary_detail"	"Колишня релігія: \#(old_religion)"	"true"
"event_feed_strings_text_att_event_feed_string_faction_religion_change_secondary_detail_theirs"	"Нова релігія: \#(faction.state_religion)\n\nПопередня релігія: \#(old_religion)"	"true"
"event_feed_strings_text_att_event_feed_string_faction_resource_all_primary_detail"	"\#(resource)"	"true"
"event_feed_strings_text_att_event_feed_string_faction_resource_all_secondary_detail"	"Розташування: \#(settlement.region_and_province)"	"true"
"event_feed_strings_text_att_event_feed_string_faction_resource_gained_description"	"Цей ресурс стане для нас великою перевагою."	"true"
"event_feed_strings_text_att_event_feed_string_faction_resource_lost_description"	"Наше постачання цього ресурсу було скомпрометовано."	"true"
"event_feed_strings_text_att_event_feed_string_faction_succession_description_emperor"	"Імператор помер, і мантія лідера була передана.\n\nХай живе Імператор!"	"true"
"event_feed_strings_text_att_event_feed_string_faction_succession_description_great_kan"	"Великий Кан помер, і мантія лідера була передана.\n\nХай живе Великий Кан!"	"true"
"event_feed_strings_text_att_event_feed_string_faction_succession_description_high_king"	"Верховний Король помер, і мантія лідерства була передана.\n\nХай живе Верховний Король!"	"true"
"event_feed_strings_text_att_event_feed_string_faction_succession_description_king_of_kings"	"Цар Королів помер, і мантія лідерства була передана.\n\nХай живе Король Королів!"	"true"
"event_feed_strings_text_att_event_feed_string_faction_succession_heir_comes_of_age_description_barbarian"	"Це важлива подія! Хлопець стає чоловіком і займає належне йому місце правителя нашого народу. Хай живе Верховний Король!"	"true"
"event_feed_strings_text_att_event_feed_string_faction_succession_heir_comes_of_age_description_eastern"	"Це важлива подія! Хлопець стає чоловіком і займає належне йому місце правителя нашого народу. Хай живе Цар царів!"	"true"
"event_feed_strings_text_att_event_feed_string_faction_succession_heir_comes_of_age_description_nomadic"	"Це важлива подія! Хлопець стає чоловіком і займає належне йому місце правителя нашого народу. Хай живе Великий Кан!"	"true"
"event_feed_strings_text_att_event_feed_string_faction_succession_heir_comes_of_age_description_roman"	"Це важлива подія! Хлопець стає чоловіком і займає належне йому місце правителя нашого народу. Хай живе імператор!"	"true"
"event_feed_strings_text_att_event_feed_string_faction_succession_primary_detail"	"\#(new_leader)"	"true"
"event_feed_strings_text_att_event_feed_string_faction_succession_regency_description_barbarian"	"Верховний Король помер, але призначений ним спадкоємець занадто молодий, щоб прийняти мантію лідера. Таким чином, регент призначається до тих пір, поки він не досягне достатнього віку для правління."	"true"
"event_feed_strings_text_att_event_feed_string_faction_succession_regency_description_eastern"	"Король королів помер, але призначений ним спадкоємець занадто молодий, щоб прийняти мантію лідера. Таким чином, регент призначається до тих пір, поки він не досягне достатнього віку для правління."	"true"
"event_feed_strings_text_att_event_feed_string_faction_succession_regency_description_nomadic"	"Великий Кан помер, але призначений ним спадкоємець занадто молодий, щоб прийняти мантію лідера. Таким чином, регент призначається до тих пір, поки він не досягне достатнього віку для правління."	"true"
"event_feed_strings_text_att_event_feed_string_faction_succession_regency_description_roman"	"Імператор помер, але призначений ним спадкоємець занадто молодий, щоб прийняти мантію лідера. Таким чином, регент призначається до тих пір, поки він не досягне достатнього віку для правління."	"true"
"event_feed_strings_text_att_event_feed_string_faction_succession_regency_secondary_detail"	"Регент: \#(new_leader)"	"true"
"event_feed_strings_text_att_event_feed_string_faction_succession_secondary_detail"	"Ранг: \#(new_leader.rank)\nВік: \#(new_leader.age)\n\nНаступний: \#(former_leader)"	"true"
"event_feed_strings_text_att_event_feed_string_faction_technology_researched_description"	"Knowledge is power - DO NOT LOCALISE"	"true"
"event_feed_strings_text_att_event_feed_string_faction_technology_researched_primary_detail"	"\#(technology)"	"true"
"event_feed_strings_text_att_event_feed_string_faction_technology_researched_secondary_detail"	"\#(technology.description)"	"true"
"event_feed_strings_text_att_event_feed_string_generic_description_placeholder"	"Quod erat demonstrandum - DO NOT LOCALISE"	"true"
"event_feed_strings_text_att_event_feed_string_horde_building_demolished_description"	"Ця будівля знесена. Надлишок населення, який колись вкладався в це, тепер може бути використаний деінде."	"true"
"event_feed_strings_text_att_event_feed_string_horde_building_secondary_detail"	"\#(building.force)"	"true"
"event_feed_strings_text_att_event_feed_string_horde_development_points_available_description"	"Ми маємо надлишок населення в цій силі, готовий інвестувати в розвиток табору."	"true"
"event_feed_strings_text_att_event_feed_string_horde_development_points_available_secondary_detail"	"Надлишок населення: \#(development_points)"	"true"
"event_feed_strings_text_att_event_feed_string_horde_food_shortage_description"	"Нестача їжі впливає на цю силу. Треба вжити заходів, поки зневірені люди повстали проти нас."	"true"
"event_feed_strings_text_att_event_feed_string_horde_food_shortage_ends_description"	"Ця сила заготовила достатньо їжі, щоб насититися - вони більше не страждають від нестачі їжі."	"true"
"event_feed_strings_text_att_event_feed_string_horde_rebellion_imminent_description"	"Цілісність табору досягла критичного рівня; якщо ми негайно не діятимемо, буде заколот!"	"true"
"event_feed_strings_text_att_event_feed_string_horde_rebellion_imminent_secondary_detail"	"Поточна цілісність: \#(public_order_and_delta.first)\n\nПрогнозована зміна: \#(public_order_and_delta.second)\n\nМісцезнаходження: \#(force.region_and_province)"	"true"
"event_feed_strings_text_att_event_feed_string_military_all_destroyed_secondary_detail"	"Під командуванням: \#(force.general)\n\nРозташування: \#(force.region_and_province)"	"true"
"event_feed_strings_text_att_event_feed_string_military_all_destroyed_secondary_detail_theirs"	"Під командуванням: \#(force.general), \#(force.faction)\n\nРозташування: \#(force.region_and_province)"	"true"
"event_feed_strings_text_att_event_feed_string_military_all_disbanded_secondary_detail"	"Розпущено: \#(force.general)\n\nРозташування: \#(force.region_and_province)"	"true"
"event_feed_strings_text_att_event_feed_string_military_all_force_primary_detail"	"\#(force)"	"true"
"event_feed_strings_text_att_event_feed_string_military_all_founded_secondary_detail"	"Засновник: \#(force.general)\n\nМісцезнаходження: \#(force.region_and_province)"	"true"
"event_feed_strings_text_att_event_feed_string_military_all_location_only_secondary_detail"	"Розташування: \#(force.region_and_province)"	"true"
"event_feed_strings_text_att_event_feed_string_military_all_raised_secondary_detail"	"Створено: \#(force.general)\n\nРозташування: \#(force.region_and_province)"	"true"
"event_feed_strings_text_att_event_feed_string_military_all_rank_secondary_detail"	"Ранг: \#(force.rank)\n\nМісцезнаходження: \#(force.region_and_province)"	"true"
"event_feed_strings_text_att_event_feed_string_military_ambusher_description"	"Ми виявили іноземну силу, яка намагалася влаштувати засідку!"	"true"
"event_feed_strings_text_att_event_feed_string_military_ambusher_description_theirs"	"Один із наших сил був виявлений під час спроби влаштувати засідку!"	"true"
"event_feed_strings_text_att_event_feed_string_military_ambusher_primary_detail"	"\#(ambusher)"	"true"
"event_feed_strings_text_att_event_feed_string_military_ambusher_secondary_detail"	"Вірність: \#(ambusher.faction)\n\nМісцезнаходження: \#(ambusher.region_and_province)"	"true"
"event_feed_strings_text_att_event_feed_string_military_ambusher_secondary_detail_theirs"	"Розташування: \#(ambusher.region_and_province)"	"true"
"event_feed_strings_text_att_event_feed_string_military_army_destroyed_description"	"Чорний сьогодні день: наша армія вщент знищена ворогом."	"true"
"event_feed_strings_text_att_event_feed_string_military_army_destroyed_description_theirs"	"Ми знищили армію ворога. Їхні війська — корм для падла."	"true"
"event_feed_strings_text_att_event_feed_string_military_army_disbanded_description"	"Ця армія була звільнена з дійсної служби. Його може бути відновлено пізніше, якщо ми вважаємо, що його репутація гідна."	"true"
"event_feed_strings_text_att_event_feed_string_military_army_founded_description"	"Славний день! Ми заснували нову армію."	"true"
"event_feed_strings_text_att_event_feed_string_military_army_raised_description"	"Ми відновили колишню армію. Його назва продовжує лунати крізь віки."	"true"
"event_feed_strings_text_att_event_feed_string_military_army_rank_gained_description"	"Відважні чоловіки цієї армії здобули багато перемог, створивши спадщину, за яку їх пам’ятають надовго."	"true"
"event_feed_strings_text_att_event_feed_string_military_army_rank_gained_description_nomadic"	"Відважні воїни цієї орди здобули багато перемог, створивши спадщину, за яку їх пам’ятають надовго."	"true"
"event_feed_strings_text_att_event_feed_string_military_army_withdraws_description"	"Не бажаючи воювати на умовах ворога, наша армія вийшла з бою."	"true"
"event_feed_strings_text_att_event_feed_string_military_attrition_description"	""	"true"
"event_feed_strings_text_att_event_feed_string_military_attrition_primary_detail"	"\#(force)"	"true"
"event_feed_strings_text_att_event_feed_string_military_attrition_secondary_detail"	"Втрачені чоловіки: \#(men_lost)\n\nМісцезнаходження: \#(force.region_and_province)\n\n\#(attrition)"	"true"
"event_feed_strings_text_att_event_feed_string_military_force_decimated_description"	"Цю силу було знищено як дисциплінарний захід, що зменшило ймовірність заколоту."	"true"
"event_feed_strings_text_att_event_feed_string_military_force_decimated_primary_detail"	"\#(force)"	"true"
"event_feed_strings_text_att_event_feed_string_military_force_decimated_secondary_detail"	"Порядок видано: \#(force.general)\n\nМісцезнаходження: \#(force.region_and_province)"	"true"
"event_feed_strings_text_att_event_feed_string_military_navy_destroyed_description"	"Це темний день: весь наш флот знищено."	"true"
"event_feed_strings_text_att_event_feed_string_military_navy_destroyed_description_theirs"	"Ми знищили ворожий флот, кинувши його людей у водяну могилу."	"true"
"event_feed_strings_text_att_event_feed_string_military_navy_disbanded_description"	"Цей флот був відкликаний з дійсної служби. Він може бути відновлений пізніше, якщо ми вважаємо, що його репутація гідна."	"true"
"event_feed_strings_text_att_event_feed_string_military_navy_founded_description"	"Славний день! Ми створили новий флот."	"true"
"event_feed_strings_text_att_event_feed_string_military_navy_raised_description"	"Ми відновили колишній флот. Його назва продовжує лунати крізь віки."	"true"
"event_feed_strings_text_att_event_feed_string_military_navy_rank_gained_description"	"Відважні чоловіки цього флоту здобули багато перемог, створивши спадщину, за яку їх пам’ятають надовго."	"true"
"event_feed_strings_text_att_event_feed_string_military_navy_withdraws_description"	"Не бажаючи воювати на умовах ворога, наш флот вийшов з бою."	"true"
"event_feed_strings_text_att_event_feed_string_military_opponent_all_primary_detail"	"\#(opponent)"	"true"
"event_feed_strings_text_att_event_feed_string_military_path_blocked_description"	"Наш прогрес завалений; необхідно прокласти альтернативний маршрут."	"true"
"event_feed_strings_text_att_event_feed_string_military_path_blocked_secondary_detail"	"Розташування: \#(character.region_and_province)"	"true"
"event_feed_strings_text_att_event_feed_string_military_unit_recruited_description"	"Зараз цей підрозділ навчений і готовий боротися за нашу справу."	"true"
"event_feed_strings_text_att_event_feed_string_military_unit_recruited_primary_detail"	"\#(unit)"	"true"
"event_feed_strings_text_att_event_feed_string_military_unit_recruited_secondary_detail"	"Розташування: \#(unit.region_and_province)"	"true"
"event_feed_strings_text_att_event_feed_string_placeholder_primary_detail"	"Placeholder Primary Detail - DO NOT LOCALISE"	"true"
"event_feed_strings_text_att_event_feed_string_placeholder_secondary_detail"	"Placeholder Secondary Detail - DO NOT LOCALISE"	"true"
"event_feed_strings_text_att_event_feed_string_plague_all_primary_detail"	"\#(plague)"	"true"
"event_feed_strings_text_att_event_feed_string_plague_force_from_force_description"	"Чума перейшла від однієї військової сили до іншої; наші війська хворіють і вмирають."	"true"
"event_feed_strings_text_att_event_feed_string_plague_force_from_force_description_theirs"	"Наші сили, пронизані чумою, поширили свою хворобу."	"true"
"event_feed_strings_text_att_event_feed_string_plague_force_from_region_description"	"Наші сили заразилися чумою під час проходження через заражену територію!"	"true"
"event_feed_strings_text_att_event_feed_string_plague_force_from_region_description_theirs"	"Ця сила захворіла під час перетину нашої охопленої чумою території."	"true"
"event_feed_strings_text_att_event_feed_string_plague_from_force_secondary_detail"	"Поширення на: \#(to)\n\nПоширення з: \#(from)\n\nВласна фракція: \#(from.faction)\n\nМісцезнаходження: \#(from.region_and_province)"	"true"
"event_feed_strings_text_att_event_feed_string_plague_from_force_secondary_detail_theirs"	"Поширення до: \#(to)\n\nПоширення з: \#(from)\n\nМісцезнаходження: \#(from.region_and_province)"	"true"
"event_feed_strings_text_att_event_feed_string_plague_from_region_secondary_detail"	"Поширення на: \#(to)\n\nПоширення з: \#(from)\n\nВласна фракція: \#(from.faction)"	"true"
"event_feed_strings_text_att_event_feed_string_plague_from_region_secondary_detail_theirs"	"Поширити до: \#(to)\n\nПоширити від: \#(from)"	"true"
"event_feed_strings_text_att_event_feed_string_plague_region_from_force_description"	"Охоплена хворобою армія поширила смердючу чуму на наше поселення!"	"true"
"event_feed_strings_text_att_event_feed_string_plague_region_from_force_description_theirs"	"Наша армія мимоволі принесли чуму на чужу землю."	"true"
"event_feed_strings_text_att_event_feed_string_plague_region_from_region_description"	"Чума поширилася на наше поселення з довколишніх земель і заразила населення!"	"true"
"event_feed_strings_text_att_event_feed_string_plague_region_from_region_description_theirs"	"Подорожі та торгівля з нашого зараженого чумою поселення поширили хворобу на сусідні землі."	"true"
"event_feed_strings_text_att_event_feed_string_plague_starts_description"	"На наших землях спалахнула мерзенна пошесть, безсумнівно, через бруд і убогість. Санітарія є ключем до боротьби з хворобами!"	"true"
"event_feed_strings_text_att_event_feed_string_plague_starts_secondary_detail"	"Розташування: \#(region)"	"true"
"event_feed_strings_text_att_event_feed_string_province_cannot_abandon_settlement_description"	"Через обставини поза нашим контролем ми не можемо покинути наше поселення та відійти."	"true"
"event_feed_strings_text_att_event_feed_string_province_development_points_available_description"	"У цій провінції є надлишок населення, яке готове інвестувати в місцевий розвиток."	"true"
"event_feed_strings_text_att_event_feed_string_province_development_points_available_secondary_detail"	"Надлишок населення: \#(development_points)"	"true"
"event_feed_strings_text_att_event_feed_string_province_food_shortage_description"	"Нестача продовольства впливає на цю провінцію. Необхідно вжити заходів до того, як люди повстали проти нас у відчаї."	"true"
"event_feed_strings_text_att_event_feed_string_province_food_shortage_ends_description"	"Цього продукту нарешті достатньо; ця провінція більше не страждає від нестачі їжі."	"true"
"event_feed_strings_text_att_event_feed_string_province_rebellion_description"	"Нахабні люди цієї провінції повстали проти нас! Їх треба швидко і жорстоко розгромити!"	"true"
"event_feed_strings_text_att_event_feed_string_province_rebellion_imminent_description"	"Заворушення в цій провінції досягли критичного рівня; якщо ми негайно не діятимемо, розлючений народ повстане проти нас!"	"true"
"event_feed_strings_text_att_event_feed_string_province_rebellion_imminent_secondary_detail"	"Поточний громадський порядок: \#(public_order_and_delta.first)\n\nПрогнозована зміна: \#(public_order_and_delta.second)"	"true"
"event_feed_strings_text_att_event_feed_string_province_settlement_province_secondary_detail"	"Провінція: \#(settlement.province)"	"true"
"event_feed_strings_text_att_event_feed_string_province_slums_description"	"Залишений у занедбаному стані район нашого поселення перетворився на нетрі."	"true"
"event_feed_strings_text_att_event_feed_string_provinces_all_province_primary_detail"	"\#(province)"	"true"
"event_feed_strings_text_att_event_feed_string_provinces_all_settlement_primary_detail"	"\#(settlement)"	"true"
"event_feed_strings_text_att_event_feed_string_provinces_building_all_primary_detail"	"\#(building)"	"true"
"event_feed_strings_text_att_event_feed_string_provinces_building_constructed_description"	"\#(building.description)"	"true"
"event_feed_strings_text_att_event_feed_string_provinces_building_constructed_secondary_detail"	"\#(building.region_and_province)"	"true"
"event_feed_strings_text_att_event_feed_string_provinces_building_demolished_description"	"Цю будівлю було знесено, а її земельну ділянку тепер можна перепланувати."	"true"
"event_feed_strings_text_att_event_feed_string_provinces_building_demolished_secondary_detail"	"\#(building.region_and_province)"	"true"
"event_feed_strings_text_att_event_feed_string_provinces_settlement_abandoned_description"	"Ви покинули це поселення, забравши все, що має цінність, і залишив землю спустошеною."	"true"
"event_feed_strings_text_att_event_feed_string_provinces_settlement_abandoned_secondary_detail"	"Провінція: \#(settlement.province)"	"true"
"event_feed_strings_text_att_event_feed_string_provinces_settlement_looted_description"	"Ворог вдався до насильницького пограбування нашого захопленого поселення, розкрадання нашого та тероризування населення. Ця агресія не встоїть!"	"true"
"event_feed_strings_text_att_event_feed_string_provinces_settlement_looted_secondary_detail"	"Пограбовано: \#(attacked_by.general), \#(attacked_by)\n\nВірність: \#(attacked_by.faction)\n\nВартість награбованого: \#(income)"	"true"
"event_feed_strings_text_att_event_feed_string_provinces_settlement_looted_theirs_description"	"Під час окупації ворожого населеного пункту наші війська розграбували його багатства. Мешканці ще не скоро забудуть цю агресію."	"true"
"event_feed_strings_text_att_event_feed_string_provinces_settlement_looted_theirs_secondary_detail"	"Пограбовано: \#(attacked_by.general), \#(attacked_by)\n\nВартість награбованого: \#(income)"	"true"
"event_feed_strings_text_att_event_feed_string_provinces_settlement_razed_description"	"Наші вороги зрівняли з землею одне з наших поселень! Їх треба змусити заплатити за цю ганьбу!"	"true"
"event_feed_strings_text_att_event_feed_string_provinces_settlement_razed_secondary_detail"	"Зруйновано: \#(attacked_by.general), \#(attacked_by)\n\nВірність: \#(attacked_by.faction)\n\nВартість награбованого: \#(income)"	"true"
"event_feed_strings_text_att_event_feed_string_provinces_settlement_razed_theirs_description"	"Ми позбавили це вороже поселення його багатств і зрівняли його з землею, як це має право завойовник."	"true"
"event_feed_strings_text_att_event_feed_string_provinces_settlement_razed_theirs_secondary_detail"	"Зруйновано: \#(attacked_by.general), \#(attacked_by)\n\nВартість награбованого: \#(income)"	"true"
"event_feed_strings_text_att_event_feed_string_provinces_settlement_region_and_province_primary_detail"	"\#(settlement.region_and_province)"	"true"
"event_feed_strings_text_att_event_feed_string_provinces_settlement_sacked_description"	"Вороже лихо спустошило наше поселення, залишивши за собою спустошення!"	"true"
"event_feed_strings_text_att_event_feed_string_provinces_settlement_sacked_secondary_detail"	"Звільнений: \#(attacked_by.general), \#(attacked_by)\n\nВірність: \#(attacked_by.faction)\n\nВартість награбованого: \#(income)"	"true"
"event_feed_strings_text_att_event_feed_string_provinces_settlement_sacked_theirs_description"	"Наші війська розграбували вороже поселення, сіючи руйнування та позбавляючи його багатства."	"true"
"event_feed_strings_text_att_event_feed_string_provinces_settlement_sacked_theirs_secondary_detail"	"Звільнено: \#(attacked_by.general), \#(attacked_by)\n\nВартість награбованого: \#(income)"	"true"
"event_feed_strings_text_att_event_feed_string_provinces_unseasonal_conditions_description"	"Ця провінція переживає незвичні сезонні умови."	"true"
"event_feed_strings_text_att_event_feed_string_provinces_unseasonal_conditions_secondary_detail"	"Умови: \#(effects)"	"true"
"event_feed_strings_text_att_event_feed_string_scripted_bel_amalasuntha_imprisoned_primary_detail"	""	"true"
"event_feed_strings_text_att_event_feed_string_scripted_bel_amalasuntha_imprisoned_secondary_detail"	"У цей вік невизначеності та сум'яття немає глибини, до якої б опустилися жадібні влади у своїй розбещеності. Вандали задовольняються лише ув’язненням старих і немічних, але остготи перевершили цю образливість, ув’язнивши свою овдовілу королеву за її проримські нахили.\n\nЦе навмисно провокаційна акція, породжена страхом, непокорою та амбіціями. Римляни відчайдушно прагнуть відвоювати свої батьківщини, і це може бути їхнім останнім шансом зробити це.\n\nКоли ці дві могутні сили стикаються, інші планують, шукаючи способів повернути боротьбу собі на користь.\n\nІ весь час чекає налякана жінка."	"true"
"event_feed_strings_text_att_event_feed_string_scripted_bel_amalasuntha_imprisoned_title"	"Амаласунта ув'язнена"	"true"
"event_feed_strings_text_att_event_feed_string_scripted_bel_ashen_skies_primary_detail"	"І. Попелясте небо"	"true"
"event_feed_strings_text_att_event_feed_string_scripted_bel_ashen_skies_secondary_detail"	"“Протягом цього року сталося найжахливіше знамення. Бо сонце випромінювало своє світло без яскравості, і воно здавалося надзвичайно схожим на сонце в затемненні, бо промені, які воно проливало, були нечіткими.” - Прокопій\n\nТемні часи настали: земля всохла й почорніла, врожай пропав, а священики говорять про прокляття! Невже Господь покинув Своє Царство\?"	"true"
"event_feed_strings_text_att_event_feed_string_scripted_bel_ashen_skies_title"	"Зміна клімату"	"true"
"event_feed_strings_text_att_event_feed_string_scripted_bel_barbarian_confederation_primary_detail"	""	"true"
"event_feed_strings_text_att_event_feed_string_scripted_bel_barbarian_confederation_secondary_detail"	"Західна імперія знову піднялася у славі! Римляни розтратили свою спадщину, вважаючи, що слава була їхнім правом народження. Але Імперія більша за них – вона пережила їх падіння і терпляче чекала, щоб її відродив гідний народ.\n\nЦі люди — ми! Колись нас вважали варварами, а тепер ми духом справжніші римляни, ніж чистокровні. Лише ми успадкували їхню енергійність і військову майстерність – тільки ми здатні впоратися із завданням відновлення їхньої колись великої Імперії!\n\nВітаємо Нову Західну Римську імперію!"	"true"
"event_feed_strings_text_att_event_feed_string_scripted_bel_barbarian_confederation_title"	"Західна імперія відроджується знову"	"true"
"event_feed_strings_text_att_event_feed_string_scripted_bel_belisarius_confederation_primary_detail"	""	"true"
"event_feed_strings_text_att_event_feed_string_scripted_bel_belisarius_confederation_secondary_detail"	"Західна Римська імперія знову піднялася у славі! Роками вона дрімала: розріджена, спаплюжена й остаточно розчавлена варварськими ордами. Але воно продовжувало жити, підтримуване прагненнями справжніх римлян, які прагнули відновити його протягом століть.\n\nІнші імператори намагалися та зазнали невдачі, пригнічені вагою цього завдання. Тільки духовний наступник великих завойовників давнини, таких як Юлій Цезар, Август і Марк Аврелій, міг досягти успіху в цьому завданні. Тепер воскрес саме такий чоловік.\n\nВітаю Велізарія, володаря Західної імперії!"	"true"
"event_feed_strings_text_att_event_feed_string_scripted_bel_belisarius_confederation_title"	"Західна імперія відроджується знову"	"true"
"event_feed_strings_text_att_event_feed_string_scripted_bel_breaking_dawn_primary_detail"	"III. Світанок"	"true"
"event_feed_strings_text_att_event_feed_string_scripted_bel_breaking_dawn_secondary_detail"	"Темрява поступово спадає, і життя повертається на землю. Урожай рясний, наші діти здоровіші, а люди з оптимізмом дивляться в благополучне майбутнє."	"true"
"event_feed_strings_text_att_event_feed_string_scripted_bel_breaking_dawn_title"	"Зміна клімату"	"true"
"event_feed_strings_text_att_event_feed_string_scripted_bel_clear_skies_primary_detail"	"IV. Чисте небо"	"true"
"event_feed_strings_text_att_event_feed_string_scripted_bel_clear_skies_secondary_detail"	"Нарешті сонце знову зійшло, розфарбувавши землю своїми яскравими кольорами. Люди дякують Богу за відновлення їхніх засобів до існування. Хороший час для життя."	"true"
"event_feed_strings_text_att_event_feed_string_scripted_bel_clear_skies_title"	"Зміна клімату"	"true"
"event_feed_strings_text_att_event_feed_string_scripted_bel_darkness_abates_primary_detail"	"II. Темрява спадає"	"true"
"event_feed_strings_text_att_event_feed_string_scripted_bel_darkness_abates_secondary_detail"	"Темрява поступово спадає, і життя повертається на землю. Урожай рясний, наші діти здоровіші, а люди з оптимізмом дивляться в благополучне майбутнє."	"true"
"event_feed_strings_text_att_event_feed_string_scripted_bel_darkness_abates_title"	"Зміна клімату"	"true"
"event_feed_strings_text_att_event_feed_string_scripted_bel_emperor_angry_primary_detail"	""	"true"
"event_feed_strings_text_att_event_feed_string_scripted_bel_emperor_angry_secondary_detail"	"Історія сповнена історій великих людей, знищених під командуванням слабких правителів. Юстиніан, на жаль, виявився саме таким володарем – його ревнощі на кожному кроці перешкоджали Велізарію, зрештою загрожуючи його життю та становищу.\n\nІмператор, можливо, був народжений, щоб правити, але Велізарій також народився з долею. Він відновить згаслу славу Західної імперії, і будь-які перешкоди будуть залишені позаду.\n\nЮстиніан розлючений цією зрадою, і подолання його буде таким же випробуванням, як і завоювання Італії. Тим не менш, Велізарій приймає це завдання. Звільнений, він поставить світ на коліна!"	"true"
"event_feed_strings_text_att_event_feed_string_scripted_bel_emperor_angry_title"	"Велізарій проголошує незалежність"	"true"
"event_feed_strings_text_att_event_feed_string_scripted_bel_furs_buildings_primary_detail"	"Хутро вже в наявності."	"true"
"event_feed_strings_text_att_event_feed_string_scripted_bel_furs_buildings_secondary_detail"	"Практика робить досконалим. Навички засмаги ваших людей не мають собі рівних ніде в світі."	"true"
"event_feed_strings_text_att_event_feed_string_scripted_bel_furs_buildings_title"	"Хутро, рівень 4 розблоковано"	"true"
"event_feed_strings_text_att_event_feed_string_scripted_bel_gems_buildings_primary_detail"	"Тепер доступні дорогоцінні камені."	"true"
"event_feed_strings_text_att_event_feed_string_scripted_bel_gems_buildings_secondary_detail"	"Практика робить досконалим. Ваші люди не тільки знайшли нові способи видобутку дорогоцінних каменів, але й не мають собі рівних у світі."	"true"
"event_feed_strings_text_att_event_feed_string_scripted_bel_gems_buildings_title"	"Коштовне каміння, рівень 4 розблоковано"	"true"
"event_feed_strings_text_att_event_feed_string_scripted_bel_gold_buildings_primary_detail"	"Золото тепер доступне."	"true"
"event_feed_strings_text_att_event_feed_string_scripted_bel_gold_buildings_secondary_detail"	"Практика робить досконалим. Мало того, що ваші люди знайшли нові способи видобування золота, їхня майстерність роботи з ним залишається неперевершеною в усьому світі."	"true"
"event_feed_strings_text_att_event_feed_string_scripted_bel_gold_buildings_title"	"Золотий рівень 4 розблоковано"	"true"
"event_feed_strings_text_att_event_feed_string_scripted_bel_hilderic_imprisoned_primary_detail"	""	"true"
"event_feed_strings_text_att_event_feed_string_scripted_bel_hilderic_imprisoned_secondary_detail"	"Римляни висадилися в Африці! У відповідь Гелімер, король вандалів, стратив старого проримського правителя Гільдеріка після років ув’язнення.\n\nСмерть цього розбитого старого обіцяє занурити конфлікт у ще більшу лють! Тепер для вандалів немає шляху назад ; немає можливості мирного вирішення.\n\nРешта світу дивиться на це, затамувавши подих. Можливо, римляни більше не є силою, з якою доводиться рахуватися – чи зможуть вони покарати цей акт зухвалої непокори своєю непохитною жорстокістю, яка є фірмовою ознакою\? Або вандали переможуть загарбників і відкриють нову еру непокори варварам\?"	"true"
"event_feed_strings_text_att_event_feed_string_scripted_bel_hilderic_imprisoned_title"	"Хільдерік страчений"	"true"
"event_feed_strings_text_att_event_feed_string_scripted_bel_iron_buildings_primary_detail"	"Залізо вже доступне."	"true"
"event_feed_strings_text_att_event_feed_string_scripted_bel_iron_buildings_secondary_detail"	"Практика робить досконалим. Мало того, що ваші люди знайшли нові способи добувати залізо, але їхні навички роботи з ним залишаються неперевершеними в усьому світі."	"true"
"event_feed_strings_text_att_event_feed_string_scripted_bel_iron_buildings_title"	"Рівень заліза 4 розблоковано"	"true"
"event_feed_strings_text_att_event_feed_string_scripted_bel_langobards_invasion_primary_detail"	"Лангобарди йдуть!"	"true"
"event_feed_strings_text_att_event_feed_string_scripted_bel_langobards_invasion_secondary_detail"	"Лиха, які війна обрушує на голову людства, нескінченні. Спроби Риму повернути свою імперію спустошили континент, залишивши цю горду землю розбитою та вразливою.\n\nДовго лангобарди чекали такої нагоди. Тепер вони спускаються, тримаючи речі на спинах і мечі в руках, щоб вимагати Італію як свою. Вони не шукають ні винагороди, ні мирного врегулювання - панування є їхньою єдиною метою, і вони не пощадять тих, хто стоїть на їхньому шляху."	"true"
"event_feed_strings_text_att_event_feed_string_scripted_bel_langobards_invasion_title"	"Лангобарди!"	"true"
"event_feed_strings_text_att_event_feed_string_scripted_bel_lead_buildings_primary_detail"	"Свинець тепер доступний."	"true"
"event_feed_strings_text_att_event_feed_string_scripted_bel_lead_buildings_secondary_detail"	"Практика робить досконалим. Мало того, що ваші люди знайшли нові способи видобування свинцю, їхня майстерність роботи з ним залишається неперевершеною в усьому світі."	"true"
"event_feed_strings_text_att_event_feed_string_scripted_bel_lead_buildings_title"	"Розблоковано рівень лідера 4"	"true"
"event_feed_strings_text_att_event_feed_string_scripted_bel_marble_buildings_primary_detail"	"Мармур вже доступний."	"true"
"event_feed_strings_text_att_event_feed_string_scripted_bel_marble_buildings_secondary_detail"	"Практика робить досконалим. Мало того, що ваші люди знайшли нові способи видобування мармуру, їхня майстерність роботи з ним залишається неперевершеною в усьому світі."	"true"
"event_feed_strings_text_att_event_feed_string_scripted_bel_marble_buildings_title"	"Мармуровий рівень 4 розблоковано"	"true"
"event_feed_strings_text_att_event_feed_string_scripted_bel_moors_invasion_primary_detail"	"Маври йдуть!!!"	"true"
"event_feed_strings_text_att_event_feed_string_scripted_bel_moors_invasion_secondary_detail"	"Коли римляни висадилися в Африці, вони намагалися відкупитися від маврів дрібничками — позолоченим срібним жезлом і срібною короною, білим плащем, білою тунікою і позолоченим черевиком.\n\nМаври спостерігали, як порушники билися за їх землі предків – чекаючи свого часу, чекаючи хвилини слабкості.\n\nТепер цей момент настав, і маври повстали як один, щоб повернути своє право первородства. Вони нишпоритимуть узбережжям, як вітер пустелі, знищуючи до останнього сліду гніту, який так довго їх спіткав."	"true"
"event_feed_strings_text_att_event_feed_string_scripted_bel_moors_invasion_title"	"маври!"	"true"
"event_feed_strings_text_att_event_feed_string_scripted_bel_olives_buildings_primary_detail"	"Оливки вже доступні."	"true"
"event_feed_strings_text_att_event_feed_string_scripted_bel_olives_buildings_secondary_detail"	"Практика робить досконалим. Досвід ваших людей у вирощуванні оливок не має собі рівних ніде у світі."	"true"
"event_feed_strings_text_att_event_feed_string_scripted_bel_olives_buildings_title"	"Оливки, рівень 4 розблоковано"	"true"
"event_feed_strings_text_att_event_feed_string_scripted_bel_plague_of_justinian_primary_detail"	"Велика чума"	"true"
"event_feed_strings_text_att_event_feed_string_scripted_bel_plague_of_justinian_secondary_detail"	"Римська імперія перебуває в гнилих лещатах чуми, як ніхто інший. Він рухається, як невидимий вітер, щойно з’являється, вражаючи сім’ї та навіть села, залишаючи за собою сліди почорнілих гнійних трупів. Біженці поширилися по всій земній кулі, приносячи з собою чуму.\nБагато бачать у цьому ще одне свідчення багатопророченого кінця днів — палаючий гнів, що вилився з чаші Божого суду — і вимагають належного поклону.\nІнше , більш практичні уми вимагають альтернативних рішень. Значні покращення санітарії та припинення торгівлі з зараженими країнами можуть зупинити або навіть зупинити хворобу."	"true"
"event_feed_strings_text_att_event_feed_string_scripted_bel_plague_of_justinian_title"	"Чума"	"true"
"event_feed_strings_text_att_event_feed_string_scripted_bel_reformation_primary_detail"	"Реформація можлива"	"true"
"event_feed_strings_text_att_event_feed_string_scripted_bel_reformation_secondary_detail"	"Ваші завоювання незліченні, тому ваша слава досягає всього світу! Оглядаючи свої досягнення, ваші думки повертаються до Західної Римської імперії — зруйнованої, але не повністю забутої.\n\nНіколи не було кращого часу, чи кращого лідера, щоб відродити цього загиблого гіганта та відвоювати його колишню територію. Дійте зараз і перевершіть досягнення тих, хто був до вас! Одягніть мантії Цезарів давнини і крокуйте вперед в ім’я Риму!"	"true"
"event_feed_strings_text_att_event_feed_string_scripted_bel_reformation_title"	"Реформація Західної імперії"	"true"
"event_feed_strings_text_att_event_feed_string_scripted_bel_salt_buildings_primary_detail"	"Сіль тепер доступна."	"true"
"event_feed_strings_text_att_event_feed_string_scripted_bel_salt_buildings_secondary_detail"	"Практика робить досконалим. Навички ваших людей у видобуванні солі не мають собі рівних ніде в світі."	"true"
"event_feed_strings_text_att_event_feed_string_scripted_bel_salt_buildings_title"	"Рівень солі 4 розблоковано"	"true"
"event_feed_strings_text_att_event_feed_string_scripted_bel_wine_buildings_primary_detail"	"Вино вже доступне."	"true"
"event_feed_strings_text_att_event_feed_string_scripted_bel_wine_buildings_secondary_detail"	"Практика робить досконалим. Виноробні навички ваших людей не мають собі рівних ніде в світі."	"true"
"event_feed_strings_text_att_event_feed_string_scripted_bel_wine_buildings_title"	"Вино Рівень 4 розблоковано"	"true"
"event_feed_strings_text_att_event_feed_string_scripted_bel_wood_buildings_primary_detail"	"Деревина вже доступна."	"true"
"event_feed_strings_text_att_event_feed_string_scripted_bel_wood_buildings_secondary_detail"	"Практика робить досконалим. Майстерність ваших людей у справі з деревом не має собі рівних ніде у світі."	"true"
"event_feed_strings_text_att_event_feed_string_scripted_bel_wood_buildings_title"	"Дерево, рівень 4, розблоковано"	"true"
"event_feed_strings_text_att_event_feed_string_scripted_cha_new_pope_primary_detail"	"Обраний новий папа"	"true"
"event_feed_strings_text_att_event_feed_string_scripted_cha_new_pope_primary_detail_adrian_1"	"Папа Адріан I"	"true"
"event_feed_strings_text_att_event_feed_string_scripted_cha_new_pope_primary_detail_eugene_2"	"Папа Римський Євген II"	"true"
"event_feed_strings_text_att_event_feed_string_scripted_cha_new_pope_primary_detail_leo_3"	"Папа Лев III"	"true"
"event_feed_strings_text_att_event_feed_string_scripted_cha_new_pope_primary_detail_paschal_1"	"Папа Пасхалій І"	"true"
"event_feed_strings_text_att_event_feed_string_scripted_cha_new_pope_primary_detail_stephen_4"	"Папа Стефан IV"	"true"
"event_feed_strings_text_att_event_feed_string_scripted_cha_new_pope_secondary_detail"	"Його Святість, Папа був зібраний до Бога, завершуючи плідний розділ в історії Церкви. Новий Папа був обраний негайно; ця людина має шанс керувати всім християнським світом, небагато є важливішими або мають більший вплив, ніж він. Усі добрі християнські лідери повинні підтримати нового Папу, якщо від них буде покликано це зробити, це може бути лише на благо їхніх королівств, але майте на увазі, що його переступ може мати жахливі наслідки."	"true"
"event_feed_strings_text_att_event_feed_string_scripted_cha_new_pope_title"	"Обраний новий папа"	"true"
"event_feed_strings_text_att_event_feed_string_scripted_event_attila_becomes_king_primary_detail"	"Король гунів"	"true"
"event_feed_strings_text_att_event_feed_string_scripted_event_attila_becomes_king_secondary_detail"	"Він справді любив війну, але був стриманим у діях, могутнім у пораді, милостивим до тих, хто просив, і поблажливим до тих, хто був під його захистом. \n\n Після смерті попереднього полководця Аттіла захопив владу. Тепер він очолює орди, і їхні війська чисельні."	"true"
"event_feed_strings_text_att_event_feed_string_scripted_event_attila_becomes_mortal_primary_detail"	"Тільки Людина"	"true"
"event_feed_strings_text_att_event_feed_string_scripted_event_attila_becomes_mortal_secondary_detail"	"Поки він розмірковував про втечу — лихо більше, ніж сама смерть, — він вирішив шукати знання про майбутнє через віщунів. Тож, за своїм звичаєм, вони досліджували нутрощі худоби та певні смуги в кістках, які були зіскоблені, і передрікали гунам лихо. \n\n Зазнавши поразки в битві, війська Аттіли деморалізовані і почали сумніватися в його силах. Напевно його наступна поразка буде його останньою\?"	"true"
"event_feed_strings_text_att_event_feed_string_scripted_event_attila_born_primary_detail"	"Народження"	"true"
"event_feed_strings_text_att_event_feed_string_scripted_event_attila_born_secondary_detail"	"Він був людиною, народженою у світі, щоб похитнути нації; бич усіх країн, ім'я якого навело страх на все людство. \n\n Далеко на сході, в скіфських пустощах, народжується дитина царського гунського роду. Приречений на велич, він отримав ім’я Аттіла."	"true"
"event_feed_strings_text_att_event_feed_string_scripted_event_attila_dies_primary_detail"	"Зламаний лук"	"true"
"event_feed_strings_text_att_event_feed_string_scripted_event_attila_dies_secondary_detail"	"Вони виривали волосся з їхніх голов і робили їхні обличчя жахливими глибокими ранами, щоб можна було оплакувати славетного воїна; не жіночим голосінням і сльозами, а кров'ю людською. \n\n Аттіла, Бич Божий, лежить переможений. Без його керівництва орди слабшають і починають розсіюватися."	"true"
"event_feed_strings_text_att_event_feed_string_scripted_event_attila_title"	"Аттіла"	"true"
"event_feed_strings_text_att_event_feed_string_scripted_event_avar_khaganate_primary_detail"	"[ph] Основна деталь формування Аварського каганату"	"true"
"event_feed_strings_text_att_event_feed_string_scripted_event_avar_khaganate_secondary_detail"	"[ph] Вторинна деталь Аварського каганату"	"true"
"event_feed_strings_text_att_event_feed_string_scripted_event_avar_khaganate_title"	"[ph] Утворений титул Аварського каганату"	"true"
"event_feed_strings_text_att_event_feed_string_scripted_event_bel_army_upkeep_primary_detail"	"Милість імператора наближається до кінця."	"true"
"event_feed_strings_text_att_event_feed_string_scripted_event_bel_army_upkeep_secondary_detail"	"Юстиніан скоро перестане платити цим людям. Тоді вам доведеться підтримувати цю силу."	"true"
"event_feed_strings_text_att_event_feed_string_scripted_event_bel_army_upkeep_title"	"Підтримка Юстиніана закінчується"	"true"
"event_feed_strings_text_att_event_feed_string_scripted_event_horde_info_primary_detail"	"Танухіди"	"true"
"event_feed_strings_text_att_event_feed_string_scripted_event_horde_info_secondary_detail"	"Танухіди - плем'я, віддане одній меті - повстанню . Таким чином, вони можуть підтримувати себе лише постійними завоюваннями. Однак їхні орди не можуть вирощувати власну їжу, і вони можуть підтримувати себе, лише знищуючи вороже поселення та живучи за рахунок його припасів протягом обмеженої кількості ходів.\nЯкщо вони виграють битви, слава зростає, а нові послідовники збираються під їхній прапор. Кожна перемога принесе орді значне зростання протягом наступних п’яти ходів. Крім того, зайнявши рейдову позицію, вони можуть викликати місцеву підтримку, заробляючи безкоштовні одиниці кожного ходу.\nПереслідування східного християнства призвело до першого повстання Танухідів. Коли, врешті-решт, Танухіди знову оселяться, вони зіткнуться із суворими покараннями громадського порядку за релігійні розбіжності з місцевим населенням.\nПроблеми, з якими стикаються Танухіди, великі, але також і їхні засоби.\nВперед і скоротіть Римську імперію до зола!"	"true"
"event_feed_strings_text_att_event_feed_string_scripted_event_horde_info_title"	"Піщані імперії"	"true"
"event_feed_strings_text_att_event_feed_string_scripted_event_independence_primary_detail"	""	"true"
"event_feed_strings_text_att_event_feed_string_scripted_event_independence_secondary_detail"	"Історія сповнена історій великих людей, знищених під командуванням слабких правителів. Юстиніан, на жаль, виявився саме таким володарем – його ревнощі на кожному кроці перешкоджали Велізарію, зрештою стаючи загрозою його життю та становищу. Можливо, імператор був народжений, щоб правити, але Велізарій також народився з долею. Він відновить згаслу славу Західної імперії, і будь-які перешкоди будуть залишені позаду. Юстиніан розлючений цією зрадою, і подолати його буде таким же випробуванням, як і завоювання Італії. Тим не менш, Велізарій приймає це завдання. Звільнений, він поставить світ на коліна!"	"true"
"event_feed_strings_text_att_event_feed_string_scripted_event_independence_title"	"Зрада!"	"true"
"event_feed_strings_text_att_event_feed_string_scripted_event_military_building_primary_detail"	"Зал бардів тепер доступний."	"true"
"event_feed_strings_text_att_event_feed_string_scripted_event_military_building_secondary_detail"	"Вас хвалять за дотримання бардівської традиції. Тут співатимуть пісні про ваш героїзм і доблесть, з великою химерністю!"	"true"
"event_feed_strings_text_att_event_feed_string_scripted_event_military_building_title"	"Зал бардів розблоковано"	"true"
"event_feed_strings_text_att_event_feed_string_scripted_event_primary_detail"	"\#(primary_detail)"	"true"
"event_feed_strings_text_att_event_feed_string_scripted_event_religious_building_primary_detail"	"Храм Белена тепер доступний."	"true"
"event_feed_strings_text_att_event_feed_string_scripted_event_religious_building_secondary_detail"	"Беленус усміхається тобі. Нехай його світла зірка веде вас завжди."	"true"
"event_feed_strings_text_att_event_feed_string_scripted_event_religious_building_title"	"Храм Белена розблоковано"	"true"
"event_feed_strings_text_att_event_feed_string_scripted_event_religious_info_primary_detail"	"Нові релігії"	"true"
"event_feed_strings_text_att_event_feed_string_scripted_event_religious_info_secondary_detail"	"Це час радикальних релігійних змін. Нації відмовляються від старих традицій і прокладають нові шляхи майже миттєво. Розділені релігійні ланцюги дозволяють вам здійснювати набагато більший контроль у цій області, необхідний, якщо ви хочете отримати доступ до релігійних будівель, підрозділів, умов перемоги, технологій і подій.\nОднак ці зміни не всі вітають. Фракції, які сповідують нові релігії, зазнають [[col:red]]суворих покарань щодо громадського порядку[[/col]] через наявність конкуруючих релігій. Використовуйте священиків, технології, губернаторів і будівлі, щоб придушити голоси незгодних і поширити обрану вами релігію по всій країні!"	"true"
"event_feed_strings_text_att_event_feed_string_scripted_event_religious_info_title"	"Піщані імперії"	"true"
"event_feed_strings_text_att_event_feed_string_scripted_event_secondary_detail"	"\#(secondary_detail)"	"true"
"event_feed_strings_text_att_event_feed_string_scripted_event_trade_building_primary_detail"	"Королівський ринок тепер доступний."	"true"
"event_feed_strings_text_att_event_feed_string_scripted_event_trade_building_secondary_detail"	"Комерція заохочується, оскільки це шлях до процвітання для всіх. Якщо вам потрібні речі, швидше за все, їх можна знайти тут."	"true"
"event_feed_strings_text_att_event_feed_string_scripted_event_trade_building_title"	"Королівський ринок розблоковано"	"true"
"event_feed_strings_text_att_event_feed_string_scripted_event_war_weariness_decrease_primary_detail"	"Зменшився"	"true"
"event_feed_strings_text_att_event_feed_string_scripted_event_war_weariness_decrease_secondary_detail"	"Втома від війни зменшилася; люди і земля нарешті оговтуються від воєн, які ви вели. Оскільки життя звичайних людей повертається до нормального, втома, яку зазнали ваші війська протягом багатьох тривалих кампаній, також зникає."	"true"
"event_feed_strings_text_att_event_feed_string_scripted_event_war_weariness_decrease_title"	"Втома від війни"	"true"
"event_feed_strings_text_att_event_feed_string_scripted_event_war_weariness_increase_primary_detail"	"Збільшений"	"true"
"event_feed_strings_text_att_event_feed_string_scripted_event_war_weariness_increase_secondary_detail"	"Зросла втома від війни! Ваш народ обурюється і вимагає припинити ці безперервні війни. Що ще гірше, ваші війська починають виявляти втому від ваших довгих військових кампаній; якщо ваші люди більше не можуть битися, то війна скоро закінчиться, але, ймовірно, не так, як ви планували. Ви повинні почати мирний процес; Вашим підданим потрібен перепочинок після конфлікту – дайте їм час вилікуватися, а вашим людям час на відновлення."	"true"
"event_feed_strings_text_att_event_feed_string_scripted_event_war_weariness_increase_title"	"Втома від війни"	"true"
"event_feed_strings_text_att_event_feed_string_scripted_event_war_weariness_intro_primary_detail"	"Інформація про втому від війни"	"true"
"event_feed_strings_text_att_event_feed_string_scripted_event_war_weariness_intro_secondary_detail"	"Ознака великого лідера полягає в тому, щоб знати, як далеко можна просунути своїх людей. Війни — це важливі, драматичні події, до яких не слід ставитися легковажно.\nЗ кожним ходом війни ваша втома від війни зростатиме. Коли вона досягне достатньо високого рівня, ваша фракція почне отримувати штрафи, які з часом збільшуватимуться. Крім того, програш битв матиме різкий вплив на втому від війни залежно від тяжкості вашої поразки.\nОднак ви можете шукати перепочинку в мирний час. Під час миру ваша втома від війни швидко зменшується. Крім того, підписання мирних договорів призведе до значного одноразового скорочення.\nЯкщо вам буде нав’язана війна, ви можете уповільнити, зупинити або навіть змінити рівень втоми від війни, виграючи вирішальні битви та, як останній засіб, відкликавши свої людей у межах ваших власних кордонів, щоб допомогти уповільнити зростання втоми.\nВійни мають завершуватися швидко й рішуче. Керуйтеся дипломатією обережно, але пам’ятайте, що під час конфлікту найбільший ворог іноді знаходиться всередині."	"true"
"event_feed_strings_text_att_event_feed_string_scripted_event_war_weariness_intro_title"	"Епоха Карла Великого"	"true"
"event_feed_strings_text_att_event_feed_string_world_climate_change_description"	"Роки стають холоднішими, а сніг наповзає все південніше, тримаючись довше."	"true"
"event_feed_strings_text_att_event_feed_string_world_climate_change_description_2"	"Зміна клімату: у міру того, як наближається вічна зима, землі стають менш родючими, що змушує людей рухатися на південь і захід у пошуках теплішого, менш ворожого клімату."	"true"