"land_units_onscreen_name_att_alan_alani_cavalry_raiders"	"Кінні рейдери"	"true"
"land_units_onscreen_name_att_alan_alani_cavalry_warriors"	"Аланська кавалерія"	"true"
"land_units_onscreen_name_att_alan_alani_chosen_raiders"	"Добірні аланські рейдери"	"true"
"land_units_onscreen_name_att_alan_alani_horse_archers"	"Аланські кінні стрільці"	"true"
"land_units_onscreen_name_att_alan_alani_mounted_bows"	"Аланські кінні стрілки"	"true"
"land_units_onscreen_name_att_alan_alani_mounted_sword_raiders"	"Кінні рейдери з мечами"	"true"
"land_units_onscreen_name_att_alan_alani_nobles_general"	"Аланська знать"	"true"
"land_units_onscreen_name_att_alan_alani_swordsmen"	"Аланські мечники"	"true"
"land_units_onscreen_name_att_alan_alani_warriors"	"Аланські воїни"	"true"
"land_units_onscreen_name_att_alan_anti_cav_light_tier_3"	"Аланська племенна кіннота"	"true"
"land_units_onscreen_name_att_alan_anti_cav_light_tier_4"	"Аланські кінні ветерани"	"true"
"land_units_onscreen_name_att_alan_cataphract_archers"	"Стрільці-катафракти"	"true"
"land_units_onscreen_name_att_alan_elite_sarmatian_cataphracts"	"Елітні сарматські катафракти"	"true"
"land_units_onscreen_name_att_alan_grey_hair"	"Сивоволосі"	"true"
"land_units_onscreen_name_att_alan_onager"	"Онагр"	"true"
"land_units_onscreen_name_att_alan_sarmatian_band"	"Сарматська банда"	"true"
"land_units_onscreen_name_att_alan_sarmatian_cataphracts"	"Сарматські катафракти"	"true"
"land_units_onscreen_name_att_alan_sarmatian_cataphracts_infantry_destroyer_tier_5"	"Аланські важкі катафракти"	"true"
"land_units_onscreen_name_att_alan_sarmatian_mounted_skirmishers"	"Сарматські кінні застрільники"	"true"
"land_units_onscreen_name_att_alan_sarmatian_shock_tier_1"	"Сарматська ударна кіннота"	"true"
"land_units_onscreen_name_att_alan_sarmatian_shock_tier_4"	"Сарматська важка кіннота"	"true"
"land_units_onscreen_name_att_alan_tank"	"Сарматська катафракта з піками"	"true"
"land_units_onscreen_name_att_cel_black_blades"	"Чорні леза"	"true"
"land_units_onscreen_name_att_cel_caledonian_axemen"	"Каледонські сокирники"	"true"
"land_units_onscreen_name_att_cel_cateran_brigade"	"Катеранська бригада"	"true"
"land_units_onscreen_name_att_cel_celtic_archers"	"Кельтські стрільці"	"true"
"land_units_onscreen_name_att_cel_celtic_axe_band"	"Загін кельтських сокирників"	"true"
"land_units_onscreen_name_att_cel_celtic_axe_warriors"	"Кельтські воїни з сокирами"	"true"
"land_units_onscreen_name_att_cel_celtic_band"	"Кельтський загін"	"true"
"land_units_onscreen_name_att_cel_celtic_berserkers"	"Кельтські берсерки"	"true"
"land_units_onscreen_name_att_cel_celtic_bows"	"Кельтські стрілки"	"true"
"land_units_onscreen_name_att_cel_celtic_brigands"	"Кельтські розбійники"	"true"
"land_units_onscreen_name_att_cel_celtic_cavalry_raiders"	"Кельтські кінні рейдери"	"true"
"land_units_onscreen_name_att_cel_celtic_crossbows"	"Кельтські арбалетники"	"true"
"land_units_onscreen_name_att_cel_celtic_levy"	"Кельтські-новобранці"	"true"
"land_units_onscreen_name_att_cel_celtic_nobles"	"Кельтська знать"	"true"
"land_units_onscreen_name_att_cel_celtic_skirmishers"	"Кельтські застрільники"	"true"
"land_units_onscreen_name_att_cel_celtic_spearmen"	"Кельтські списоносці"	"true"
"land_units_onscreen_name_att_cel_celtic_spears"	"Кельтські списи"	"true"
"land_units_onscreen_name_att_cel_celtic_warband"	"Кельтський бойовий загін"	"true"
"land_units_onscreen_name_att_cel_celtic_warlord"	"Кельтський воєначальник"	"true"
"land_units_onscreen_name_att_cel_celtic_warriors"	"Кельтські воїни"	"true"
"land_units_onscreen_name_att_cel_celtic_woodrunners"	"Кельтські лісоруби"	"true"
"land_units_onscreen_name_att_cel_chosen_raiders"	"Добірні рейдери"	"true"
"land_units_onscreen_name_att_cel_ebdani_cavalry_raiders"	"Кінні рейдери ебданів"	"true"
"land_units_onscreen_name_att_cel_ebdani_raiders"	"Рейдери ебданів"	"true"
"land_units_onscreen_name_att_cel_elite_highland_archers"	"Елітні гірські стрільці"	"true"
"land_units_onscreen_name_att_cel_fianna"	"Фіанна"	"true"
"land_units_onscreen_name_att_cel_followers_of_morrigan"	"Послідовники Морріган"	"true"
"land_units_onscreen_name_att_cel_gallowglass"	"Галлогласи"	"true"
"land_units_onscreen_name_att_cel_gazehounds"	"Гайзхаунди"	"true"
"land_units_onscreen_name_att_cel_highland_archers"	"Гірські стрільці"	"true"
"land_units_onscreen_name_att_cel_horse_whisperers"	"Заклиначі коней"	"true"
"land_units_onscreen_name_att_cel_kerns"	"Керни"	"true"
"land_units_onscreen_name_att_cel_kings_fianna"	"Королівська Фіанна"	"true"
"land_units_onscreen_name_att_cel_kings_warband"	"Королівський військовий загін"	"true"
"land_units_onscreen_name_att_cel_mormaer_cavalry"	"Мормаерська кавалерія"	"true"
"land_units_onscreen_name_att_cel_mounted_spear_raiders"	"Кінні рейдери зі списами"	"true"
"land_units_onscreen_name_att_cel_noble_archers"	"Шляхетні стрільці"	"true"
"land_units_onscreen_name_att_cel_onager"	"Кельтський онагр"	"true"
"land_units_onscreen_name_att_cel_onager_bastion"	"Бастіонний онагр"	"true"
"land_units_onscreen_name_att_cel_pictish_axemen"	"Піктські сокирники"	"true"
"land_units_onscreen_name_att_cel_pictish_berserkers"	"Піктські берсерки"	"true"
"land_units_onscreen_name_att_cel_pictish_swordsmen"	"Піктські мечоносці"	"true"
"land_units_onscreen_name_att_cel_round_shield_raiders"	"Рейдери круглого щита"	"true"
"land_units_onscreen_name_att_cel_royal_archers"	"Королівські стрільці"	"true"
"land_units_onscreen_name_att_cel_scathas_teachers"	"Вчителі Скати"	"true"
"land_units_onscreen_name_att_cel_sighthound_spears"	"Пікінери з гончими"	"true"
"land_units_onscreen_name_att_cel_tanist"	"Рігдамна"	"true"
"land_units_onscreen_name_att_cel_wolfhound_spearmen"	"Списоносці з вовкодавами"	"true"
"land_units_onscreen_name_att_des_amazigh_lancers"	"Амазігські пікінери"	"true"
"land_units_onscreen_name_att_des_amazigh_raiders"	"Амазігські рейдери"	"true"
"land_units_onscreen_name_att_des_amazigh_spearmen"	"Амазігські списоносці"	"true"
"land_units_onscreen_name_att_des_arabic_horsemen"	"Арабські вершники"	"true"
"land_units_onscreen_name_att_des_armoured_camel_warriors"	"Броньовані воїни на верблюдах"	"true"
"land_units_onscreen_name_att_des_camel_lancers"	"Верблюжі пікінери"	"true"
"land_units_onscreen_name_att_des_camel_warriors"	"Воїни на верблюдах"	"true"
"land_units_onscreen_name_att_des_desert_bowmen"	"Лучники пустелі"	"true"
"land_units_onscreen_name_att_des_desert_chieftain"	"Вождь пустелі"	"true"
"land_units_onscreen_name_att_des_desert_hurlers"	"Пустельні метальники"	"true"
"land_units_onscreen_name_att_des_desert_legionary_defectors"	"Перебіжчики-легіонери пустелі"	"true"
"land_units_onscreen_name_att_des_desert_levy"	"Пустельні новобранці"	"true"
"land_units_onscreen_name_att_des_desert_mounted_javelinmen"	"Кінні метателі списів з пустелі"	"true"
"land_units_onscreen_name_att_des_desert_mounted_skirmishers"	"Кінні застрільники з пустелі"	"true"
"land_units_onscreen_name_att_des_desert_palatina_defectors"	"Пустельні палатини-перебіжчики"	"true"
"land_units_onscreen_name_att_des_desert_raiders"	"Рейдери пустелі"	"true"
"land_units_onscreen_name_att_des_desert_spears"	"Списоносці пустелі"	"true"
"land_units_onscreen_name_att_des_desert_tribesmen"	"Племінники пустелі"	"true"
"land_units_onscreen_name_att_des_desert_warlord"	"Воєначальник пустелі"	"true"
"land_units_onscreen_name_att_des_elite_nubian_archers"	"Елітні нубійські стрільці"	"true"
"land_units_onscreen_name_att_des_es_abunas_guard"	"Охорона Абуни"	"true"
"land_units_onscreen_name_att_des_es_adana_marksmen"	"Стрілки Адани"	"true"
"land_units_onscreen_name_att_des_es_adana_trackers"	"Слідопити Адани"	"true"
"land_units_onscreen_name_att_des_es_afar_camel_riders"	"Афарські вершники на верблюдах"	"true"
"land_units_onscreen_name_att_des_es_afar_raidmasters"	"Афарські майстри рейдери"	"true"
"land_units_onscreen_name_att_des_es_afar_swordsmen"	"Афарські мечники"	"true"
"land_units_onscreen_name_att_des_es_al_dawser"	"Аль-Даусер"	"true"
"land_units_onscreen_name_att_des_es_al_rahrain"	"Аль-Рахрейн"	"true"
"land_units_onscreen_name_att_des_es_al_shahba"	"Аль-Шахба"	"true"
"land_units_onscreen_name_att_des_es_almaqahs_lancers"	"Пікінери Альмаки"	"true"
"land_units_onscreen_name_att_des_es_armoured_himyarite_shotelai"	"Броньовані шоталаї хім'яриту"	"true"
"land_units_onscreen_name_att_des_es_ashum"	"Ашум"	"true"
"land_units_onscreen_name_att_des_es_athars_chosen"	"Обраний Атар"	"true"
"land_units_onscreen_name_att_des_es_badyia_skirmishers"	"Бадійські застрільники"	"true"
"land_units_onscreen_name_att_des_es_baltha_defenders"	"Захисники Балти"	"true"
"land_units_onscreen_name_att_des_es_baltha_warriors"	"Воїни Балти"	"true"
"land_units_onscreen_name_att_des_es_behers_chosen"	"Добірні Бехери"	"true"
"land_units_onscreen_name_att_des_es_bet_giorgis_cavalry"	"Кіннота Бет Гіоргіс"	"true"
"land_units_onscreen_name_att_des_es_desert_pikes"	"Піки пустелі"	"true"
"land_units_onscreen_name_att_des_es_dune_lancers"	"Пустельні пікінери"	"true"
"land_units_onscreen_name_att_des_es_elite_tor_warriors"	"Елітні воїни Т'ор"	"true"
"land_units_onscreen_name_att_des_es_himyarite_shotelai"	"Хім'яритські шоталаї"	"true"
"land_units_onscreen_name_att_des_es_jamal_al_baltha"	"Джамаль аль-Балта"	"true"
"land_units_onscreen_name_att_des_es_jamal_al_rumha"	"Джамаль аль-Румха"	"true"
"land_units_onscreen_name_att_des_es_khahyahlim"	"Хахьялім"	"true"
"land_units_onscreen_name_att_des_es_kings_radif"	"Королівський радиф"	"true"
"land_units_onscreen_name_att_des_es_marz_archers"	"Стрільці Мерца"	"true"
"land_units_onscreen_name_att_des_es_masqal_spearmen"	"Мескельські cписоносці"	"true"
"land_units_onscreen_name_att_des_es_mavias_bodyguards"	"Охоронці Мавії"	"true"
"land_units_onscreen_name_att_des_es_mavias_chargers"	"Штурмовики Мавії"	"true"
"land_units_onscreen_name_att_des_es_mavias_chosen"	"Добірні Мавії"	"true"
"land_units_onscreen_name_att_des_es_mavias_lancers"	"Пікінери Мавії"	"true"
"land_units_onscreen_name_att_des_es_mounted_marz_archers"	"Кінні стрільці Мерца"	"true"
"land_units_onscreen_name_att_des_es_noble_al_rahrain"	"Шляхта аль-Рахрейн"	"true"
"land_units_onscreen_name_att_des_es_ras_guard"	"Гвардія Раса"	"true"
"land_units_onscreen_name_att_des_es_rebellion_militia"	"Ополчення повстанців"	"true"
"land_units_onscreen_name_att_des_es_rumha_skirmishers"	"Застрільники Румхи"	"true"
"land_units_onscreen_name_att_des_es_rumha_warriors"	"Воїни Румхи"	"true"
"land_units_onscreen_name_att_des_es_sahnegohrim"	"Сахнегоріми"	"true"
"land_units_onscreen_name_att_des_es_sanai"	"Санаї"	"true"
"land_units_onscreen_name_att_des_es_sandstorm_lancers"	"Пікінери піщаної бурі"	"true"
"land_units_onscreen_name_att_des_es_sons_of_the_invincible_mahrem"	"Сини непереможного Махрема"	"true"
"land_units_onscreen_name_att_des_es_spice_guard"	"Гвардія спецій"	"true"
"land_units_onscreen_name_att_des_es_spice_warriors"	"Воїни спецій"	"true"
"land_units_onscreen_name_att_des_es_tanukhid_ambushers"	"Танухідський загін засідки"	"true"
"land_units_onscreen_name_att_des_es_tanukhid_pikes"	"Танухідські пікінери"	"true"
"land_units_onscreen_name_att_des_es_tor_warriors"	"Воїни Т'ора"	"true"
"land_units_onscreen_name_att_des_es_wadai"	"Вадаї"	"true"
"land_units_onscreen_name_att_des_es_zafar_sentinels"	"Вартові Зафара"	"true"
"land_units_onscreen_name_att_des_es_zealot_sicarius"	"Зілоти-сікарі"	"true"
"land_units_onscreen_name_att_des_es_zodiac_archers"	"Стрільці Зодіака"	"true"
"land_units_onscreen_name_att_des_garamantian_hunters"	"Гарамантські мисливці"	"true"
"land_units_onscreen_name_att_des_garamantian_lancers"	"Гарамантські пікінери"	"true"
"land_units_onscreen_name_att_des_kushite_mounted_shotelai"	"Кушитські вершники з шоталами"	"true"
"land_units_onscreen_name_att_des_kushite_shotelai"	"Кушитські воїни з шоталами"	"true"
"land_units_onscreen_name_att_des_lancers_of_the_oasis"	"Пікінери оазису"	"true"
"land_units_onscreen_name_att_des_noble_numidian_cavalry"	"Знатна нумідійська кіннота"	"true"
"land_units_onscreen_name_att_des_onager"	"Онагр"	"true"
"land_units_onscreen_name_att_des_onager_bastion"	"Бастіонний онагр"	"true"
"land_units_onscreen_name_att_des_shawia_guard"	"Охорона Шавія"	"true"
"land_units_onscreen_name_att_des_tuareg_camel_spearmen"	"Туарегські верблюди-списоносці"	"true"
"land_units_onscreen_name_att_est_armenian_slingers"	"Вірменські пращники"	"true"
"land_units_onscreen_name_att_est_armenian_spears"	"Вірменські списоносці"	"true"
"land_units_onscreen_name_att_est_armoured_indian_elephants"	"Броньовані індійські слони"	"true"
"land_units_onscreen_name_att_est_camel_clibanarii"	"Клібанарії на верблюдах"	"true"
"land_units_onscreen_name_att_est_civilian_farmers"	"Цивільне населення"	"true"
"land_units_onscreen_name_att_est_civilian_townsfolk"	"Цивільне населення"	"true"
"land_units_onscreen_name_att_est_dailamite_warriors"	"Дайламітські воїни"	"true"
"land_units_onscreen_name_att_est_elite_dailamite_infantry"	"Елітна дайламітська піхота"	"true"
"land_units_onscreen_name_att_est_elite_immortals"	"Елітні Безсмертні"	"true"
"land_units_onscreen_name_att_est_elite_savaran_cavalry"	"Елітна саварська кавалерія"	"true"
"land_units_onscreen_name_att_est_grivpanvar_cataphracts"	"Гривпанварські катафракти"	"true"
"land_units_onscreen_name_att_est_gyan_avspar"	"Гян-авспар"	"true"
"land_units_onscreen_name_att_est_immortals"	"Безсмертні"	"true"
"land_units_onscreen_name_att_est_indian_elephants"	"Індійські слони"	"true"
"land_units_onscreen_name_att_est_kurdish_archers"	"Курдські стрільці"	"true"
"land_units_onscreen_name_att_est_kurdish_javelinmen"	"Курдські метателі списів"	"true"
"land_units_onscreen_name_att_est_lakhmid_scouts"	"Лахмідські розвідники"	"true"
"land_units_onscreen_name_att_est_naft_throwers"	"Метателі нафти"	"true"
"land_units_onscreen_name_att_est_onager"	"Онагр"	"true"
"land_units_onscreen_name_att_est_onager_bastion"	"Бастіонний онагр"	"true"
"land_units_onscreen_name_att_est_onager_large"	"Великий онагр"	"true"
"land_units_onscreen_name_att_est_paighan_band"	"Загін пейганів"	"true"
"land_units_onscreen_name_att_est_persian_bowmen"	"Перські лучники"	"true"
"land_units_onscreen_name_att_est_persian_bows"	"Перські луки"	"true"
"land_units_onscreen_name_att_est_persian_brigade"	"Перська бригада"	"true"
"land_units_onscreen_name_att_est_persian_camel_archers"	"Перські стрільці на верблюдах"	"true"
"land_units_onscreen_name_att_est_persian_camel_raiders"	"Перські рейдери на верблюдів"	"true"
"land_units_onscreen_name_att_est_persian_cataphracts"	"Перські катафракти"	"true"
"land_units_onscreen_name_att_est_persian_hurlers"	"Перські метальники"	"true"
"land_units_onscreen_name_att_est_persian_levy"	"Перські новобранці"	"true"
"land_units_onscreen_name_att_est_persian_mounted_bowmen"	"Перські кінні лучники"	"true"
"land_units_onscreen_name_att_est_persian_mounted_warriors"	"Перські кінні воїни"	"true"
"land_units_onscreen_name_att_est_persian_nobles"	"Перські дворяни"	"true"
"land_units_onscreen_name_att_est_persian_scouts"	"Перські скаути"	"true"
"land_units_onscreen_name_att_est_persian_skirmishers"	"Перські застрільники"	"true"
"land_units_onscreen_name_att_est_pushtighban_cataphracts"	"Пуштігбанські катафракти"	"true"
"land_units_onscreen_name_att_est_royal_persian_archers"	"Королівські перські стрільці"	"true"
"land_units_onscreen_name_att_est_sassanid_onager_large"	"Сасанідський великий онагр"	"true"
"land_units_onscreen_name_att_est_savaran_cataphracts"	"Саваранські катафракти"	"true"
"land_units_onscreen_name_att_est_savaran_cavalry"	"Саваранська кавалерія"	"true"
"land_units_onscreen_name_att_est_savaran_sardar"	"Саваранський сардар"	"true"
"land_units_onscreen_name_att_est_sogdian_camel_raiders"	"Согдійські рейдери на верблюдах"	"true"
"land_units_onscreen_name_att_est_sogdian_warriors"	"Согдійські воїни"	"true"
"land_units_onscreen_name_att_est_spahbed"	"Спахбеди"	"true"
"land_units_onscreen_name_att_est_zhayedan_immortal_cavalry"	"Безсмертна кіннота Жаєдана"	"true"
"land_units_onscreen_name_att_ger_agathyrsi_warriors"	"Воїни агатирсів"	"true"
"land_units_onscreen_name_att_ger_alamannic_scavengers"	"Аламанські сміттярі"	"true"
"land_units_onscreen_name_att_ger_alani_general"	"Аланський полководець"	"true"
"land_units_onscreen_name_att_ger_alani_horsemen"	"Аланські вершники"	"true"
"land_units_onscreen_name_att_ger_alani_spearmen"	"Аланські списоносці"	"true"
"land_units_onscreen_name_att_ger_antrustriones_cavalry_guard"	"Кінна гвардія Антрустріонів"	"true"
"land_units_onscreen_name_att_ger_axe_heerbann"	"Сокирники Хеербанна"	"true"
"land_units_onscreen_name_att_ger_bagaudae"	"Багауди"	"true"
"land_units_onscreen_name_att_ger_barbed_javelinmen"	"Бородаті метателі списів"	"true"
"land_units_onscreen_name_att_ger_barbed_lancers"	"Бородаті пікінери"	"true"
"land_units_onscreen_name_att_ger_barbed_skirmishers"	"Бородаті застрільники"	"true"
"land_units_onscreen_name_att_ger_bejewelled_retinue"	"Блискуча свита"	"true"
"land_units_onscreen_name_att_ger_burgundian_axemen"	"Бургундські сокирники"	"true"
"land_units_onscreen_name_att_ger_burgundian_guard"	"Бургундська гвардія"	"true"
"land_units_onscreen_name_att_ger_burgundian_mounted_axemen"	"Бургундські кінні сокирники"	"true"
"land_units_onscreen_name_att_ger_burgundian_warhounds"	"Бургундські бойові пси"	"true"
"land_units_onscreen_name_att_ger_captured_cheiroballistra"	"Трофейна чейробалістра"	"true"
"land_units_onscreen_name_att_ger_chnodomar's_entourage"	"Оточення Хнодомара"	"true"
"land_units_onscreen_name_att_ger_chnodomar's_raiders"	"Рейдери Хнодомара"	"true"
"land_units_onscreen_name_att_ger_chosen_vandal_raiders"	"Добірні рейдери-вандали"	"true"
"land_units_onscreen_name_att_ger_civilian_farmers"	"Цивільне населення"	"true"
"land_units_onscreen_name_att_ger_civilian_townsfolk"	"Цивільне населення"	"true"
"land_units_onscreen_name_att_ger_elite_agathyrsi_cavalry"	"Елітна кавалерія агатирсів"	"true"
"land_units_onscreen_name_att_ger_elite_agathyrsi_warriors"	"Елітні воїни агатирсів"	"true"
"land_units_onscreen_name_att_ger_elite_alamannic_scavengers"	"Елітні алеманські сміттярі"	"true"
"land_units_onscreen_name_att_ger_elite_germanic_archers"	"Елітні німецькі стрільці"	"true"
"land_units_onscreen_name_att_ger_elite_ostrogothic_pikemen"	"Елітні остготські пікінери"	"true"
"land_units_onscreen_name_att_ger_elite_sarmatian_cataphracts"	"Елітні сарматські катафракти"	"true"
"land_units_onscreen_name_att_ger_elite_scattershot_slingers"	"Елітні залпові пращники"	"true"
"land_units_onscreen_name_att_ger_elite_sword_heerbann"	"Елітні мечники Хеербанна"	"true"
"land_units_onscreen_name_att_ger_francisca_heerbann"	"Франкські кидачі сокир"	"true"
"land_units_onscreen_name_att_ger_frankish_general"	"Франкський полководець"	"true"
"land_units_onscreen_name_att_ger_frankish_lancers"	"Франкські пікінери"	"true"
"land_units_onscreen_name_att_ger_frankish_skirmishers"	"Франкські застрільники"	"true"
"land_units_onscreen_name_att_ger_freemen"	"Вільні люди"	"true"
"land_units_onscreen_name_att_ger_gardingi_cavalry"	"Гардінська кавалерія"	"true"
"land_units_onscreen_name_att_ger_germanic_archers"	"Германські стрільці"	"true"
"land_units_onscreen_name_att_ger_germanic_band"	"Германський загін"	"true"
"land_units_onscreen_name_att_ger_germanic_bows"	"Германські луки"	"true"
"land_units_onscreen_name_att_ger_germanic_brigands"	"Германські розбійники"	"true"
"land_units_onscreen_name_att_ger_germanic_crossbowmen"	"Германські арбалетники"	"true"
"land_units_onscreen_name_att_ger_germanic_horsemen"	"Германські вершники"	"true"
"land_units_onscreen_name_att_ger_germanic_hunters"	"Германські мисливці"	"true"
"land_units_onscreen_name_att_ger_germanic_hurlers"	"Германські метальники"	"true"
"land_units_onscreen_name_att_ger_germanic_lancers"	"Германські пікінери"	"true"
"land_units_onscreen_name_att_ger_germanic_levy"	"Германські новобранці"	"true"
"land_units_onscreen_name_att_ger_germanic_mounted_brigands"	"Германські кінні розбійники"	"true"
"land_units_onscreen_name_att_ger_germanic_mounted_warband"	"Германський кінний військовий загін"	"true"
"land_units_onscreen_name_att_ger_germanic_night_raiders"	"Германські нічні рейдери"	"true"
"land_units_onscreen_name_att_ger_germanic_nobles"	"Германські дворяни"	"true"
"land_units_onscreen_name_att_ger_germanic_pikes"	"Германські пікінери"	"true"
"land_units_onscreen_name_att_ger_germanic_raiders"	"Германські рейдери"	"true"
"land_units_onscreen_name_att_ger_germanic_spear_masters"	"Германські майстри списів"	"true"
"land_units_onscreen_name_att_ger_germanic_spearmen"	"Германські списоносці"	"true"
"land_units_onscreen_name_att_ger_germanic_warband"	"Германський військовий загін"	"true"
"land_units_onscreen_name_att_ger_godan's_chosen"	"Добірні Годана"	"true"
"land_units_onscreen_name_att_ger_godan's_warlord"	"Воєначальник Годана"	"true"
"land_units_onscreen_name_att_ger_godansmen"	"Люди Годана"	"true"
"land_units_onscreen_name_att_ger_gothic_archers"	"Готські стрільці"	"true"
"land_units_onscreen_name_att_ger_gothic_falxmen"	"Готські серпоносці"	"true"
"land_units_onscreen_name_att_ger_gothic_general"	"Готський полкоодець"	"true"
"land_units_onscreen_name_att_ger_gothic_lancers"	"Готські пікінери"	"true"
"land_units_onscreen_name_att_ger_gothic_levy"	"Готські новобранці"	"true"
"land_units_onscreen_name_att_ger_gothic_palatina_defectors"	"Готські палатини-перебіжчики"	"true"
"land_units_onscreen_name_att_ger_gothic_pikemen"	"Готські пікінери"	"true"
"land_units_onscreen_name_att_ger_gothic_warband"	"Готські бойовий загін"	"true"
"land_units_onscreen_name_att_ger_grey_hairs"	"Сивоволосі"	"true"
"land_units_onscreen_name_att_ger_horse_slayers"	"Вбивці коней"	"true"
"land_units_onscreen_name_att_ger_horse_stabbers"	"Рубачі коней"	"true"
"land_units_onscreen_name_att_ger_jewelled_nobles"	"Блискучі дворяни"	"true"
"land_units_onscreen_name_att_ger_langobard_clubmen"	"Воїни лангобардського клубу"	"true"
"land_units_onscreen_name_att_ger_light_moorish_cavalry"	"Легка мавританська кавалерія"	"true"
"land_units_onscreen_name_att_ger_noble_alani_cavalry"	"Шляхетна аланська кавалерія"	"true"
"land_units_onscreen_name_att_ger_noble_germanic_horsemen"	"Шляхетні германські вершники"	"true"
"land_units_onscreen_name_att_ger_noble_germanic_swordsmen"	"Шляхетні германські мечники"	"true"
"land_units_onscreen_name_att_ger_noble_gothic_lancers"	"Шляхетні готські пікінери"	"true"
"land_units_onscreen_name_att_ger_noble_suebi_swordsmen"	"Благородні свебські мечоносці"	"true"
"land_units_onscreen_name_att_ger_onager"	"Онагр"	"true"
"land_units_onscreen_name_att_ger_onager_bastion"	"Бастіонний онагр"	"true"
"land_units_onscreen_name_att_ger_onager_large"	"Великий онагр"	"true"
"land_units_onscreen_name_att_ger_protectores_defectors"	"Перебіжчики-протектори"	"true"
"land_units_onscreen_name_att_ger_redoubtable_chieftain"	"Безстрашний вождь"	"true"
"land_units_onscreen_name_att_ger_royal_anstrutiones"	"Королівські анструтіони"	"true"
"land_units_onscreen_name_att_ger_royal_burgundian_general"	"Королівський бургундський полководець"	"true"
"land_units_onscreen_name_att_ger_royal_lancers"	"Королівські пікінери"	"true"
"land_units_onscreen_name_att_ger_royal_saiones"	"Королівський сайони"	"true"
"land_units_onscreen_name_att_ger_royal_suebi_cavalry"	"Королівська свебська кавалерія"	"true"
"land_units_onscreen_name_att_ger_sacra_francisca"	"Сакра Франциска"	"true"
"land_units_onscreen_name_att_ger_salian_frankish_lancers"	"Салійські франкські пікінери"	"true"
"land_units_onscreen_name_att_ger_sarmatian_cataphract_archers"	"Сарматські стрільці-катафракти"	"true"
"land_units_onscreen_name_att_ger_sarmatian_cataphracts"	"Сарматські катафракти"	"true"
"land_units_onscreen_name_att_ger_sarmatian_mounted_skirmishers"	"Сарматські кінні застрільники"	"true"
"land_units_onscreen_name_att_ger_sarmatian_spears"	"Сарматські списоносці"	"true"
"land_units_onscreen_name_att_ger_sarmatian_warband"	"Сарматський військовий загін"	"true"
"land_units_onscreen_name_att_ger_scaled_clubmen"	"Броньовані клубники"	"true"
"land_units_onscreen_name_att_ger_scattershot_hurlers"	"Залпові метальники"	"true"
"land_units_onscreen_name_att_ger_scavenger_mob"	"Натовп сміттярів"	"true"
"land_units_onscreen_name_att_ger_suebi_champions"	"Свебські чемпіони"	"true"
"land_units_onscreen_name_att_ger_suebi_nobles"	"Свебська знать"	"true"
"land_units_onscreen_name_att_ger_suebi_oath_takers"	"Свебські присягаючі"	"true"
"land_units_onscreen_name_att_ger_suebi_warriors"	"Свебські воїни"	"true"
"land_units_onscreen_name_att_ger_sword_heerbann"	"Мечники Хеербанна"	"true"
"land_units_onscreen_name_att_ger_taifali_cavalry"	"Тайфальська кавалерія"	"true"
"land_units_onscreen_name_att_ger_thracian_oathsworns"	"Фракійські присяги"	"true"
"land_units_onscreen_name_att_ger_thracian_warriors"	"Фракійські воїни"	"true"
"land_units_onscreen_name_att_ger_vandal_berserkers"	"Берсерки-вандали"	"true"
"land_units_onscreen_name_att_ger_vandal_raiders"	"Вандали-рейдери"	"true"
"land_units_onscreen_name_att_ger_vandal_warlord"	"Воєначальник Вандалів"	"true"
"land_units_onscreen_name_att_ger_visigothic_slingers"	"Вестготські пращники"	"true"
"land_units_onscreen_name_att_ger_young_wolves"	"Молоді вовки"	"true"
"land_units_onscreen_name_att_mar_alan_alan_light_marauders"	"Аланські легкі мародери"	"true"
"land_units_onscreen_name_att_mar_alan_alani_archer_marauders"	"Аланські лучники-мародери"	"true"
"land_units_onscreen_name_att_mar_alan_alani_artillery_crew"	"Аланські інженери"	"true"
"land_units_onscreen_name_att_mar_alan_alani_artillery_dbl_crew"	"Аланські інженери"	"true"
"land_units_onscreen_name_att_mar_alan_alani_bow_marauders"	"Аланські мародери з луками"	"true"
"land_units_onscreen_name_att_mar_alan_alani_bowman_marauders"	"Аланські мародери лучники"	"true"
"land_units_onscreen_name_att_mar_alan_alani_light_boatmen"	"Аланські легкі човнярі"	"true"
"land_units_onscreen_name_att_mar_alan_alani_light_marauders"	"Аланські легкі мародери"	"true"
"land_units_onscreen_name_att_mar_alan_alani_marauders"	"Аланські мародери"	"true"
"land_units_onscreen_name_att_mar_alan_alanic_marauders"	"Аланські мародери"	"true"
"land_units_onscreen_name_att_mar_alan_chosen_alani_naval_archers"	"Аланські добірні морські стрільці"	"true"
"land_units_onscreen_name_att_mar_alan_chosen_alanic_boatmen"	"Аланські добірні човнярі"	"true"
"land_units_onscreen_name_att_mar_alan_chosen_boatmen"	"Аланські добірні човнярі"	"true"
"land_units_onscreen_name_att_mar_cel_celtic_artillery_crew"	"Кельтські інженери"	"true"
"land_units_onscreen_name_att_mar_cel_celtic_artillery_dbl_crew"	"Кельтські інженери"	"true"
"land_units_onscreen_name_att_mar_cel_celtic_berserker_marauders"	"Кельтські берсерки-мародери"	"true"
"land_units_onscreen_name_att_mar_cel_celtic_bow_marauders"	"Кельтські мародери з луками"	"true"
"land_units_onscreen_name_att_mar_cel_celtic_heavy_marauders"	"Кельтські важкі мародери"	"true"
"land_units_onscreen_name_att_mar_cel_celtic_light_boatmen"	"Кельтські легкі човнярі"	"true"
"land_units_onscreen_name_att_mar_cel_celtic_light_marauders"	"Кельтські легкі мародери"	"true"
"land_units_onscreen_name_att_mar_cel_celtic_marauders"	"Кельтські мародери"	"true"
"land_units_onscreen_name_att_mar_cel_celtic_transport_crew"	"Кельтська команда вантажного судна"	"true"
"land_units_onscreen_name_att_mar_cel_chosen_celtic_marauders"	"Добірні кельтські мародери"	"true"
"land_units_onscreen_name_att_mar_cel_ebdani_heavy_marauders"	"Ебданські важкі мародери"	"true"
"land_units_onscreen_name_att_mar_cel_elite_celtic_marauders"	"Елітні кельтські мародери"	"true"
"land_units_onscreen_name_att_mar_cel_elite_highland_bowman_marauders"	"Елітні високогірні мародери-лучники"	"true"
"land_units_onscreen_name_att_mar_cel_highland_archer_marauders"	"Високогірні мародери-лучники"	"true"
"land_units_onscreen_name_att_mar_cel_pictish_berserker_marauders"	"Піктські берсерки-мародери"	"true"
"land_units_onscreen_name_att_mar_des_desert_assault_corsairs"	"Штурмові пустельні пірати"	"true"
"land_units_onscreen_name_att_mar_des_desert_corsair_bowmen"	"Пустельні пірати-лучники"	"true"
"land_units_onscreen_name_att_mar_des_desert_corsairs"	"Пустельні пірати"	"true"
"land_units_onscreen_name_att_mar_des_desert_heavy_corsairs"	"Важкі пустельні пірати"	"true"
"land_units_onscreen_name_att_mar_est_eastern_artillery_crew"	"Східні інженери"	"true"
"land_units_onscreen_name_att_mar_est_eastern_artillery_dbl_crew"	"Східні інженери"	"true"
"land_units_onscreen_name_att_mar_est_eastern_boatmen"	"Східні човнярі"	"true"
"land_units_onscreen_name_att_mar_est_eastern_light_boatmen"	"Східні легкі човнярі"	"true"
"land_units_onscreen_name_att_mar_est_eastern_naval_hurlers"	"Східні морські метальники"	"true"
"land_units_onscreen_name_att_mar_est_eastern_transport_crew"	"Східна команда вантажного судна"	"true"
"land_units_onscreen_name_att_mar_est_elite_sassanid_archer_marines"	"Елітні сасанідські морські лучники"	"true"
"land_units_onscreen_name_att_mar_est_elite_sassanid_heavy_marines"	"Елітна важка морська піхота Сасанідів"	"true"
"land_units_onscreen_name_att_mar_est_elite_sassanid_light_marines"	"Елітна легка морська піхота Сасанідів"	"true"
"land_units_onscreen_name_att_mar_est_sassanid_archer_marines"	"Сасанідські морські лучники"	"true"
"land_units_onscreen_name_att_mar_est_sassanid_bowman_marines"	"Сасанідські морські стрілки"	"true"
"land_units_onscreen_name_att_mar_est_sassanid_light_marines"	"Сасанідська легка морська піхота"	"true"
"land_units_onscreen_name_att_mar_est_sassanid_naft_marines"	"Морські піхотинці Сасанідів"	"true"
"land_units_onscreen_name_att_mar_est_sassanid_slinger_marines"	"Морські пращники Сасанідів"	"true"
"land_units_onscreen_name_att_mar_ger_alani_marauders"	"Аланські мародери"	"true"
"land_units_onscreen_name_att_mar_ger_chosen_germanic_boatmen"	"Добірні німецькі човнярі"	"true"
"land_units_onscreen_name_att_mar_ger_chosen_germanic_naval_archers"	"Добірні німецькі морські стрільці"	"true"
"land_units_onscreen_name_att_mar_ger_chosen_vandal_marauders"	"Добірні вандали-мародери"	"true"
"land_units_onscreen_name_att_mar_ger_elite_ostrogoth_archer_marines"	"Елітні морські лучників Остготів"	"true"
"land_units_onscreen_name_att_mar_ger_elite_vandal_archer_marauders"	"Елітні мародери-лучники Вандалів"	"true"
"land_units_onscreen_name_att_mar_ger_elite_vandal_marauders"	"Елітні вандали-мародери"	"true"
"land_units_onscreen_name_att_mar_ger_elite_visigoth_crossbow_marines"	"Елітні вестготські морські арбалетники"	"true"
"land_units_onscreen_name_att_mar_ger_elite_visigoth_marines"	"Елітна вестготська морська піхота"	"true"
"land_units_onscreen_name_att_mar_ger_frankish_marines"	"Франкські морські піхотинці"	"true"
"land_units_onscreen_name_att_mar_ger_germanic_archer_marauders"	"Германські лучники-мародери"	"true"
"land_units_onscreen_name_att_mar_ger_germanic_artillery_crew"	"Германські інженери"	"true"
"land_units_onscreen_name_att_mar_ger_germanic_artillery_dbl_crew"	"Германські інженери"	"true"
"land_units_onscreen_name_att_mar_ger_germanic_bow_marauders"	"Германські мародери з луками"	"true"
"land_units_onscreen_name_att_mar_ger_germanic_bowman_marauders"	"Германські мародери-лучники"	"true"
"land_units_onscreen_name_att_mar_ger_germanic_light_boatmen"	"Германські легкі човнярі"	"true"
"land_units_onscreen_name_att_mar_ger_germanic_light_marauders"	"Германські легкі мародери"	"true"
"land_units_onscreen_name_att_mar_ger_germanic_marauders"	"Германські мародери"	"true"
"land_units_onscreen_name_att_mar_ger_germanic_transport_crew"	"Германська команда вантажного судна"	"true"
"land_units_onscreen_name_att_mar_ger_gothic_marines"	"Готські морські піхотинці"	"true"
"land_units_onscreen_name_att_mar_ger_ostrogoth_archer_marines"	"Остготські морські лучники"	"true"
"land_units_onscreen_name_att_mar_ger_vandal_artillery_crew"	"Вандальські інженери"	"true"
"land_units_onscreen_name_att_mar_ger_vandal_artillery_dbl_crew"	"Вандальські інженери"	"true"
"land_units_onscreen_name_att_mar_ger_vandal_artillery_heavy_crew"	"Вандальські інженери"	"true"
"land_units_onscreen_name_att_mar_ger_vandal_bow_marauders"	"Вандальські мародери-стрілки"	"true"
"land_units_onscreen_name_att_mar_ger_vandal_bowman_marauders"	"Вандальські мародери з луками"	"true"
"land_units_onscreen_name_att_mar_ger_vandal_heavy_marauders"	"Важкі вандали-мародери"	"true"
"land_units_onscreen_name_att_mar_ger_vandal_light_boatmen"	"Вандальські легкі човнярі"	"true"
"land_units_onscreen_name_att_mar_ger_vandal_light_marauders"	"Вандальські легкі мародери"	"true"
"land_units_onscreen_name_att_mar_ger_vandal_marauders"	"Мародери-вандали"	"true"
"land_units_onscreen_name_att_mar_nom_nomadic_transport_crew"	"Кочова команда вантажного судна"	"true"
"land_units_onscreen_name_att_mar_nor_chosen_norse_marauders"	"Добірні скандинавські мародери"	"true"
"land_units_onscreen_name_att_mar_nor_elite_norse_marauders"	"Елітні скандинавські мародери"	"true"
"land_units_onscreen_name_att_mar_nor_elite_saxon_marines"	"Елітна саксонська морська піхота"	"true"
"land_units_onscreen_name_att_mar_nor_nordic_artillery_crew"	"Північні інженери"	"true"
"land_units_onscreen_name_att_mar_nor_nordic_berserker_marauders"	"Скандинавські берсерки-мародери"	"true"
"land_units_onscreen_name_att_mar_nor_nordic_heavy_marauders"	"Скандинавські важкі мародери"	"true"
"land_units_onscreen_name_att_mar_nor_nordic_light_boatmen"	"Скандинавські легкі човнярі"	"true"
"land_units_onscreen_name_att_mar_nor_nordic_light_marauders"	"Скандинавські легкі мародери"	"true"
"land_units_onscreen_name_att_mar_nor_nordic_marauders"	"Північні мародери"	"true"
"land_units_onscreen_name_att_mar_nor_nordic_transport_crew"	"Скандинавська команда вантажного судна"	"true"
"land_units_onscreen_name_att_mar_nor_norse_bow_marauders"	"Скандинавські мародери з луками"	"true"
"land_units_onscreen_name_att_mar_nor_royal_saxon_marines"	"Королівська саксонська морська піхота"	"true"
"land_units_onscreen_name_att_mar_nor_saxon_bow_marauders"	"Саксонські мародери з луками"	"true"
"land_units_onscreen_name_att_mar_rom_byzantine_archer_marines"	"Візантійські морські лучники"	"true"
"land_units_onscreen_name_att_mar_rom_byzantine_light_marines"	"Візантійська легка морська піхота"	"true"
"land_units_onscreen_name_att_mar_rom_byzantine_marines"	"Візантійська морська піхота"	"true"
"land_units_onscreen_name_att_mar_rom_byzantine_marines_heavy"	"Візантійська важка морська піхота"	"true"
"land_units_onscreen_name_att_mar_rom_elite_byzantine_heavy_marines"	"Елітна візантійська важка морська піхота"	"true"
"land_units_onscreen_name_att_mar_rom_elite_western_heavy_marines"	"Елітна західна важка морська піхота"	"true"
"land_units_onscreen_name_att_mar_rom_roman_artillery_crew"	"Римські інженери"	"true"
"land_units_onscreen_name_att_mar_rom_roman_artillery_dbl_crew"	"Римські інженери"	"true"
"land_units_onscreen_name_att_mar_rom_roman_artillery_dbl_heavy_crew"	"Римські інженери"	"true"
"land_units_onscreen_name_att_mar_rom_roman_artillery_heavy_crew"	"Римські інженери"	"true"
"land_units_onscreen_name_att_mar_rom_roman_bowman_marines"	"Римські морські стрілки"	"true"
"land_units_onscreen_name_att_mar_rom_roman_heavy_marines"	"Римська важка морська піхота"	"true"
"land_units_onscreen_name_att_mar_rom_roman_light_marines"	"Римська легка морська піхота"	"true"
"land_units_onscreen_name_att_mar_rom_roman_skirmisher_marines"	"Римські морські застрільники"	"true"
"land_units_onscreen_name_att_mar_rom_roman_transport_crew"	"Римська команда вантажного судна"	"true"
"land_units_onscreen_name_att_mar_rom_western_ballista_marines"	"Західна морська баліста"	"true"
"land_units_onscreen_name_att_mar_rom_western_light_marines"	"Західна легка морська піхота"	"true"
"land_units_onscreen_name_att_mar_slav_archer_marauders"	"Слов'янські лучники-мародери"	"true"
"land_units_onscreen_name_att_mar_slav_artillery_crew"	"Слов'янські інженери"	"true"
"land_units_onscreen_name_att_mar_slav_artillery_dbl_crew"	"Слов'янські інженери"	"true"
"land_units_onscreen_name_att_mar_slav_bow_marauders"	"Слов'янські мародери-лучники"	"true"
"land_units_onscreen_name_att_mar_slav_bowman_marauders"	"Слов'янські мародери-лучники"	"true"
"land_units_onscreen_name_att_mar_slav_chosen_germanic_boatmen"	"Добірні слов'янські човнярі"	"true"
"land_units_onscreen_name_att_mar_slav_chosen_germanic_naval_archers"	"Добірні слов'янські морські стрільці"	"true"
"land_units_onscreen_name_att_mar_slav_light_boatmen"	"Слов'янські легкі човнярі"	"true"
"land_units_onscreen_name_att_mar_slav_light_marauders"	"Слов'янські легкі мародери"	"true"
"land_units_onscreen_name_att_mar_slav_marauders"	"Слов'янські мародери"	"true"
"land_units_onscreen_name_att_merc_cel_celtic_archers"	"Наймані кельтські стрільці"	"true"
"land_units_onscreen_name_att_merc_cel_celtic_axe_band"	"Загін найманих кельтських сокирників"	"true"
"land_units_onscreen_name_att_merc_cel_celtic_band"	"Кельтський загін найманців"	"true"
"land_units_onscreen_name_att_merc_cel_celtic_berserkers"	"Наймані кельтські берсерки"	"true"
"land_units_onscreen_name_att_merc_cel_celtic_brigands"	"Наймані кельтські розбійники"	"true"
"land_units_onscreen_name_att_merc_cel_celtic_cavalry_raiders"	"Наймана кельтська кавалерія"	"true"
"land_units_onscreen_name_att_merc_cel_celtic_levy"	"Наймані кельтські новобранці"	"true"
"land_units_onscreen_name_att_merc_cel_celtic_skirmishers"	"Наймані кельтські застрільники"	"true"
"land_units_onscreen_name_att_merc_cel_celtic_spears"	"Наймані кельтські списоносці"	"true"
"land_units_onscreen_name_att_merc_cel_celtic_warband"	"Кельтський бойовий загін найманців"	"true"
"land_units_onscreen_name_att_merc_cel_gazehounds"	"Наймані гайзхаунди"	"true"
"land_units_onscreen_name_att_merc_cel_mounted_spear_raiders"	"Наймані кінні рейдери зі списами"	"true"
"land_units_onscreen_name_att_merc_cel_onager"	"Найманий кельтський онагр"	"true"
"land_units_onscreen_name_att_merc_des_camel_warriors"	"Наймані з верблюдами"	"true"
"land_units_onscreen_name_att_merc_des_desert_bowmen"	"Наймані пустельні лучники"	"true"
"land_units_onscreen_name_att_merc_des_desert_hurlers"	"Наймані пустельні метальники"	"true"
"land_units_onscreen_name_att_merc_des_desert_legionary_defectors"	"Наймані пустельні легіонери-перебіжчики"	"true"
"land_units_onscreen_name_att_merc_des_desert_raiders"	"Наймані пустельні розбійники"	"true"
"land_units_onscreen_name_att_merc_des_desert_spears"	"Наймані пустельні списники"	"true"
"land_units_onscreen_name_att_merc_des_elite_nubian_archers"	"Наймані елітні нубійські стрільці"	"true"
"land_units_onscreen_name_att_merc_des_garamantian_lancers"	"Наймані гарамантські пікінери"	"true"
"land_units_onscreen_name_att_merc_des_onager"	"Найманий онагр"	"true"
"land_units_onscreen_name_att_merc_des_tuareg_camel_spearmen"	"Наймані туареги-списоносці на верблюдах"	"true"
"land_units_onscreen_name_att_merc_est_armenian_slingers"	"Наймані вірменські пращники"	"true"
"land_units_onscreen_name_att_merc_est_armenian_spears"	"Наймані вірменські списоносці"	"true"
"land_units_onscreen_name_att_merc_est_dailamite_warriors"	"Наймані воїни-дайламіти"	"true"
"land_units_onscreen_name_att_merc_est_kurdish_archers"	"Наймані курдські стрільці"	"true"
"land_units_onscreen_name_att_merc_est_kurdish_javelinmen"	"Наймані курдські метателі списів"	"true"
"land_units_onscreen_name_att_merc_est_lakhmid_scouts"	"Наймані лахмідські розвідники"	"true"
"land_units_onscreen_name_att_merc_est_onager"	"Найманий онагр"	"true"
"land_units_onscreen_name_att_merc_est_persian_brigade"	"Наймана перська бригада"	"true"
"land_units_onscreen_name_att_merc_est_persian_hurlers"	"Наймані перські метателі"	"true"
"land_units_onscreen_name_att_merc_est_persian_mounted_bowmen"	"Наймані перські кінні лучники"	"true"
"land_units_onscreen_name_att_merc_est_persian_mounted_warriors"	"Наймані перські кінні воїни"	"true"
"land_units_onscreen_name_att_merc_est_persian_scouts"	"Наймані перські розвідники"	"true"
"land_units_onscreen_name_att_merc_est_persian_skirmishers"	"Наймані перські застрільники"	"true"
"land_units_onscreen_name_att_merc_est_savaran_cataphracts"	"Наймані саваранські катафракти"	"true"
"land_units_onscreen_name_att_merc_est_savaran_cavalry"	"Наймана саварська кавалерія"	"true"
"land_units_onscreen_name_att_merc_ger_agathyrsi_warriors"	"Наймані воїни агатирси"	"true"
"land_units_onscreen_name_att_merc_ger_alani_horsemen"	"Наймані аланські вершники"	"true"
"land_units_onscreen_name_att_merc_ger_axe_heerbann"	"Наймана сокира Хеербанн"	"true"
"land_units_onscreen_name_att_merc_ger_frankish_lancers"	"Наймані франкські пікінери"	"true"
"land_units_onscreen_name_att_merc_ger_germanic_hunters"	"Наймані німецькі мисливці"	"true"
"land_units_onscreen_name_att_merc_ger_germanic_hurlers"	"Наймані німецькі метателі"	"true"
"land_units_onscreen_name_att_merc_ger_germanic_mounted_brigands"	"Наймані німецькі кінні розбійники"	"true"
"land_units_onscreen_name_att_merc_ger_germanic_mounted_warband"	"Найманий німецький кінний військовий загін"	"true"
"land_units_onscreen_name_att_merc_ger_germanic_pikes"	"Наймані німецькі пікінери"	"true"
"land_units_onscreen_name_att_merc_ger_germanic_warband"	"Найманий німецький військовий загін"	"true"
"land_units_onscreen_name_att_merc_ger_gothic_falxmen"	"Наймані готські фальксмени"	"true"
"land_units_onscreen_name_att_merc_ger_gothic_pikemen"	"Наймані готські пікінери"	"true"
"land_units_onscreen_name_att_merc_ger_light_moorish_cavalry"	"Наймана легка мавританська кавалерія"	"true"
"land_units_onscreen_name_att_merc_ger_onager"	"Найманий онагр"	"true"
"land_units_onscreen_name_att_merc_ger_sarmatian_cataphracts"	"Наймані сарматські катафракти"	"true"
"land_units_onscreen_name_att_merc_ger_thracian_warriors"	"Наймані франкські воїни"	"true"
"land_units_onscreen_name_att_merc_ger_vandal_raiders"	"Наймані вандали-рейдери"	"true"
"land_units_onscreen_name_att_merc_mar_cel_celtic_berserker_marauders"	"Наймані кельтські берсерки-мародери"	"true"
"land_units_onscreen_name_att_merc_mar_cel_celtic_bow_marauders"	"Наймані кельтські мародери з луками"	"true"
"land_units_onscreen_name_att_merc_mar_cel_celtic_heavy_marauders"	"Наймані кельтські важкі мародери"	"true"
"land_units_onscreen_name_att_merc_mar_cel_celtic_light_marauders"	"Наймані кельтські легкі мародери"	"true"
"land_units_onscreen_name_att_merc_mar_cel_celtic_marauders"	"Наймані кельтські мародери"	"true"
"land_units_onscreen_name_att_merc_mar_des_desert_corsairs"	"Наймані пустельні пірати"	"true"
"land_units_onscreen_name_att_merc_mar_des_desert_heavy_corsairs"	"Наймані пустельні важкі пірати"	"true"
"land_units_onscreen_name_att_merc_mar_est_eastern_artillery_crew"	"Наймані східні інженери"	"true"
"land_units_onscreen_name_att_merc_mar_est_eastern_light_boatmen"	"Наймані східні легкі човнярі"	"true"
"land_units_onscreen_name_att_merc_mar_est_eastern_naval_hurlers"	"Наймані східні морські метальники"	"true"
"land_units_onscreen_name_att_merc_mar_ger_germanic_artillery_crew"	"Наймані німецькі інженери"	"true"
"land_units_onscreen_name_att_merc_mar_ger_germanic_bow_marauders"	"Наймані німецькі мародери з луками"	"true"
"land_units_onscreen_name_att_merc_mar_ger_germanic_light_boatmen"	"Наймані німецькі легкі човнярі"	"true"
"land_units_onscreen_name_att_merc_mar_ger_germanic_light_marauders"	"Наймані німецькі легкі мародери"	"true"
"land_units_onscreen_name_att_merc_mar_ger_vandal_artillery_crew"	"Наймані вандальські інженери"	"true"
"land_units_onscreen_name_att_merc_mar_ger_vandal_bow_marauders"	"Наймані вандальські лучники-мародери"	"true"
"land_units_onscreen_name_att_merc_mar_ger_vandal_light_boatmen"	"Наймані вандальські легкі човнярі"	"true"
"land_units_onscreen_name_att_merc_mar_ger_vandal_light_marauders"	"Наймані вандальські легкі мародери"	"true"
"land_units_onscreen_name_att_merc_mar_nor_nordic_artillery_crew"	"Наймані північні інженери"	"true"
"land_units_onscreen_name_att_merc_mar_nor_nordic_light_marauders"	"Наймані північні легкі мародери"	"true"
"land_units_onscreen_name_att_merc_mar_nor_norse_bow_marauders"	"Наймані скандинавські мародери з луками"	"true"
"land_units_onscreen_name_att_merc_mar_nor_saxon_bow_marauders"	"Наймані саксонські мародери з луками"	"true"
"land_units_onscreen_name_att_merc_mar_rom_roman_artillery_crew"	"Наймані римські інженери"	"true"
"land_units_onscreen_name_att_merc_mar_rom_roman_light_marines"	"Наймана римська легка морська піхота"	"true"
"land_units_onscreen_name_att_merc_mar_rom_roman_skirmisher_marines"	"Наймані римські морські піхотинці"	"true"
"land_units_onscreen_name_att_merc_nom_bosphoran_warriors"	"Наймані босфорські воїни"	"true"
"land_units_onscreen_name_att_merc_nom_hunnic_horse_archers"	"Наймані гунські кінні стрільці"	"true"
"land_units_onscreen_name_att_merc_nom_hunnic_mounted_warband"	"Найманий кінний бойовий загін гунів"	"true"
"land_units_onscreen_name_att_merc_nom_onager"	"Найманий онагр"	"true"
"land_units_onscreen_name_att_merc_nom_steppe_lancers"	"Наймані степові пікінери"	"true"
"land_units_onscreen_name_att_merc_nom_steppe_mounted_bows"	"Наймані степові кінні лучники"	"true"
"land_units_onscreen_name_att_merc_nom_steppe_raiders"	"Наймані степові рейдери"	"true"
"land_units_onscreen_name_att_merc_nor_nordic_axe_warband"	"Наймані скандинавські сокирники"	"true"
"land_units_onscreen_name_att_merc_nor_nordic_brigade"	"Північна бригада найманців"	"true"
"land_units_onscreen_name_att_merc_nor_nordic_mounted_raiders"	"Наймані північні кінні рейдери"	"true"
"land_units_onscreen_name_att_merc_nor_nordic_skirmishers"	"Наймані скандинавські застрільники"	"true"
"land_units_onscreen_name_att_merc_nor_onager"	"Найманий онагр"	"true"
"land_units_onscreen_name_att_merc_nor_saxon_lancers"	"Наймані саксонські пікінери"	"true"
"land_units_onscreen_name_att_merc_nor_saxon_spears"	"Наймані саксонські списоносці"	"true"
"land_units_onscreen_name_att_merc_nor_thrall_skirmishers"	"Наймані тралли-застрільники"	"true"
"land_units_onscreen_name_att_merc_nor_wolf_coats"	"Наймані воїни-вовки"	"true"
"land_units_onscreen_name_att_merc_rom_ballistarii"	"Наймані баллістарї"	"true"
"land_units_onscreen_name_att_merc_rom_comitatensis_spears"	"Допоміжна ауксилія списоносців"	"true"
"land_units_onscreen_name_att_merc_rom_contarii"	"Ауксилія Контарій"	"true"
"land_units_onscreen_name_att_merc_rom_equites_dalmatae"	"Допоміжна далматинська кіннота"	"true"
"land_units_onscreen_name_att_merc_rom_funditores"	"Допоміжні фундитори"	"true"
"land_units_onscreen_name_att_merc_rom_legio"	"Допоміжний легіон"	"true"
"land_units_onscreen_name_att_merc_rom_onager"	"Ауксилія онагра"	"true"
"land_units_onscreen_name_att_merc_rom_palatina"	"Ауксилія палатинів"	"true"
"land_units_onscreen_name_att_merc_rom_sagittarii"	"Ауксилія стрільців"	"true"
"land_units_onscreen_name_att_nom_avar_horde"	"Аварська орда"	"true"
"land_units_onscreen_name_att_nom_bosphoran_infantry"	"Босфорська піхота"	"true"
"land_units_onscreen_name_att_nom_bosphoran_warriors"	"Босфорські воїни"	"true"
"land_units_onscreen_name_att_nom_chosen_uar_warriors"	"Добірні уарські воїни"	"true"
"land_units_onscreen_name_att_nom_civilian_farmers"	"Цивільне населення"	"true"
"land_units_onscreen_name_att_nom_civilian_townsfolk"	"Цивільне населення"	"true"
"land_units_onscreen_name_att_nom_elite_hunnic_lancers"	"Елітні гунські пікінери"	"true"
"land_units_onscreen_name_att_nom_first_wave_lancers"	"Пікінери першої хвилі"	"true"
"land_units_onscreen_name_att_nom_hunnic_ambushers"	"Гуннський загін засідки"	"true"
"land_units_onscreen_name_att_nom_hunnic_devil_archers"	"Гунські диявольські стрільці"	"true"
"land_units_onscreen_name_att_nom_hunnic_devil_cavalry"	"Гунська кіннота диявола"	"true"
"land_units_onscreen_name_att_nom_hunnic_dismounted_warband"	"Гунський піший бойовий загін"	"true"
"land_units_onscreen_name_att_nom_hunnic_horse_archers"	"Гунські кінні стрільці"	"true"
"land_units_onscreen_name_att_nom_hunnic_horsemen"	"Гуннські вершники"	"true"
"land_units_onscreen_name_att_nom_hunnic_lancers"	"Гунські пікінери"	"true"
"land_units_onscreen_name_att_nom_hunnic_mounted_bows"	"Гунські кінні лучники"	"true"
"land_units_onscreen_name_att_nom_hunnic_mounted_warband"	"Гунський кінний бойовий загін"	"true"
"land_units_onscreen_name_att_nom_hunnic_spears"	"Гунські списоносці"	"true"
"land_units_onscreen_name_att_nom_hunnic_warlord"	"Гунський воєначальник"	"true"
"land_units_onscreen_name_att_nom_noble_acatziri_raiders"	"Шляхетні рейдери акацірію"	"true"
"land_units_onscreen_name_att_nom_noble_horse_archers"	"Благородні кінні стрільці"	"true"
"land_units_onscreen_name_att_nom_noble_steppe_cataphracts"	"Шляхетні степові катафракти"	"true"
"land_units_onscreen_name_att_nom_nokkors"	"Ноккори"	"true"
"land_units_onscreen_name_att_nom_onager"	"Онагр"	"true"
"land_units_onscreen_name_att_nom_onager_bastion"	"Бастіонний онагр"	"true"
"land_units_onscreen_name_att_nom_onager_large"	"Великий онагр"	"true"
"land_units_onscreen_name_att_nom_scirii_warriors"	"Скірські воїни"	"true"
"land_units_onscreen_name_att_nom_shamans_of_the_eternal_sky"	"Шамани вічного неба"	"true"
"land_units_onscreen_name_att_nom_steppe_bows"	"Степові лучники"	"true"
"land_units_onscreen_name_att_nom_steppe_cataphracts"	"Степові катафракти"	"true"
"land_units_onscreen_name_att_nom_steppe_chieftain"	"Степовий отаман"	"true"
"land_units_onscreen_name_att_nom_steppe_horse_archers"	"Степові кінні стрільці"	"true"
"land_units_onscreen_name_att_nom_steppe_lancers"	"Степові пікінери"	"true"
"land_units_onscreen_name_att_nom_steppe_levy"	"Степові новобранці"	"true"
"land_units_onscreen_name_att_nom_steppe_mounted_bows"	"Степові кінні лучники"	"true"
"land_units_onscreen_name_att_nom_steppe_mounted_brigands"	"Степові кінні розбійники"	"true"
"land_units_onscreen_name_att_nom_steppe_mounted_tribespeople"	"Степова племенна кіннота"	"true"
"land_units_onscreen_name_att_nom_steppe_raiders"	"Степові рейдери"	"true"
"land_units_onscreen_name_att_nom_steppe_shield_archers"	"Степові стрільці зі щитами"	"true"
"land_units_onscreen_name_att_nom_steppe_spearmen"	"Степові списоносці"	"true"
"land_units_onscreen_name_att_nom_steppe_tribespeople"	"Степовики"	"true"
"land_units_onscreen_name_att_nom_steppe_warlord"	"Степовий воєначальник"	"true"
"land_units_onscreen_name_att_nom_steppe_warriors"	"Степові воїни"	"true"
"land_units_onscreen_name_att_nom_uar_archers"	"Уарські стрільці"	"true"
"land_units_onscreen_name_att_nom_uar_warriors"	"Уарські воїни"	"true"
"land_units_onscreen_name_att_nom_unnigarde"	"Унігард"	"true"
"land_units_onscreen_name_att_nor_chieftain_with_gedriht"	"Отаман з Гедрихтом"	"true"
"land_units_onscreen_name_att_nor_chosen_warriors"	"Добірні воїни"	"true"
"land_units_onscreen_name_att_nor_civilian_farmers"	"Цивільне населення"	"true"
"land_units_onscreen_name_att_nor_civilian_townsfolk"	"Цивільне населення"	"true"
"land_units_onscreen_name_att_nor_elite_duguth_spearmen"	"Елітні списоносці Дагута"	"true"
"land_units_onscreen_name_att_nor_elite_nordic_spearmen"	"Елітні скандинавські списоносці"	"true"
"land_units_onscreen_name_att_nor_elite_nordic_warriors"	"Елітні північні воїни"	"true"
"land_units_onscreen_name_att_nor_elite_saxon_javelinmen"	"Елітні саксонські метателі списів"	"true"
"land_units_onscreen_name_att_nor_geoguth_javelinmen"	"Геогутські метателі списів"	"true"
"land_units_onscreen_name_att_nor_gesithas"	"Гесіфас"	"true"
"land_units_onscreen_name_att_nor_hearth_guard"	"Охоронці вогнища"	"true"
"land_units_onscreen_name_att_nor_heroic_cavalry"	"Героїчна кавалерія"	"true"
"land_units_onscreen_name_att_nor_hirdmen"	"Хірди"	"true"
"land_units_onscreen_name_att_nor_huscarls"	"Хускарли"	"true"
"land_units_onscreen_name_att_nor_nordic_axe_warband"	"Скандинавські сокирники"	"true"
"land_units_onscreen_name_att_nor_nordic_axe_warriors"	"Скандинавські воїни з сокирами"	"true"
"land_units_onscreen_name_att_nor_nordic_band"	"Скандинавський загін"	"true"
"land_units_onscreen_name_att_nor_nordic_bows"	"Скандинавські лучники"	"true"
"land_units_onscreen_name_att_nor_nordic_brigade"	"Північна бригада"	"true"
"land_units_onscreen_name_att_nor_nordic_brigands"	"Скандинавські розбійники"	"true"
"land_units_onscreen_name_att_nor_nordic_horse_lords"	"Скандинавські кінні лорди"	"true"
"land_units_onscreen_name_att_nor_nordic_horse_raiders"	"Скандинавські кінні рейдери"	"true"
"land_units_onscreen_name_att_nor_nordic_hurlers"	"Скандинавські метальники"	"true"
"land_units_onscreen_name_att_nor_nordic_javelinmen"	"Скандинавські метателі списів"	"true"
"land_units_onscreen_name_att_nor_nordic_levy"	"Скандинавські новобранці"	"true"
"land_units_onscreen_name_att_nor_nordic_mounted_raiders"	"Північні кінні рейдери"	"true"
"land_units_onscreen_name_att_nor_nordic_pikemen"	"Північні пікінери"	"true"
"land_units_onscreen_name_att_nor_nordic_raid_leader"	"Лідер скандинавських рейдерів"	"true"
"land_units_onscreen_name_att_nor_nordic_raiders"	"Скандинавські рейдери"	"true"
"land_units_onscreen_name_att_nor_nordic_skirmishers"	"Скандинавські застрільники"	"true"
"land_units_onscreen_name_att_nor_nordic_spear_masters"	"Скандинавські майстри списів"	"true"
"land_units_onscreen_name_att_nor_nordic_spearmen"	"Північні списоносці"	"true"
"land_units_onscreen_name_att_nor_nordic_warlord"	"Північний воєначальник"	"true"
"land_units_onscreen_name_att_nor_nordic_warriors"	"Північні воїни"	"true"
"land_units_onscreen_name_att_nor_norse_berserkers"	"Скандинавські берсерки"	"true"
"land_units_onscreen_name_att_nor_onager"	"Онагр"	"true"
"land_units_onscreen_name_att_nor_onager_bastion"	"Бастіонний онагр"	"true"
"land_units_onscreen_name_att_nor_onager_large"	"Великий онагр"	"true"
"land_units_onscreen_name_att_nor_royal_huscarls"	"Королівські хускарли"	"true"
"land_units_onscreen_name_att_nor_saxon_lancers"	"Саксонські пікінери"	"true"
"land_units_onscreen_name_att_nor_saxon_mounted_warband"	"Саксонський кінний бойовий загін"	"true"
"land_units_onscreen_name_att_nor_saxon_spears"	"Саксонські списоносці"	"true"
"land_units_onscreen_name_att_nor_thrall_skirmishers"	"Тралли-застрільники"	"true"
"land_units_onscreen_name_att_nor_thrall_spearmen"	"Списоносці-тралли"	"true"
"land_units_onscreen_name_att_nor_thrall_spears"	"Тралли зі списами"	"true"
"land_units_onscreen_name_att_nor_viking_captain"	"Капітан вікінгів"	"true"
"land_units_onscreen_name_att_nor_viking_raider_cavalry"	"Кавалерія вікінгів"	"true"
"land_units_onscreen_name_att_nor_viking_raiders"	"Вікінги-рейдери"	"true"
"land_units_onscreen_name_att_nor_warhounds"	"Бойові пси"	"true"
"land_units_onscreen_name_att_nor_wolf_coats"	"Виїни-вовки"	"true"
"land_units_onscreen_name_att_rom_armigeri_defensores"	"Захисники армігера"	"true"
"land_units_onscreen_name_att_rom_armoured_sagittarii"	"Броньовані стрільці"	"true"
"land_units_onscreen_name_att_rom_ballistarii"	"Баллістарії"	"true"
"land_units_onscreen_name_att_rom_catafractarii"	"Катафрактарії"	"true"
"land_units_onscreen_name_att_rom_cheiroballistra"	"Хейробалістра"	"true"
"land_units_onscreen_name_att_rom_civilian_farmers"	"Цивільне населення"	"true"
"land_units_onscreen_name_att_rom_civilian_townsfolk"	"Цивільне населення"	"true"
"land_units_onscreen_name_att_rom_clibanarii"	"Клібанарії"	"true"
"land_units_onscreen_name_att_rom_cohors"	"Когорта"	"true"
"land_units_onscreen_name_att_rom_comes"	"Комітати"	"true"
"land_units_onscreen_name_att_rom_comitatensis_spears"	"Комітати-списоносці"	"true"
"land_units_onscreen_name_att_rom_contarii"	"Контарії"	"true"
"land_units_onscreen_name_att_rom_cornuti_seniores"	"Старші корнути"	"true"
"land_units_onscreen_name_att_rom_eastern_armoured_legio"	"Східний броньований легіон"	"true"
"land_units_onscreen_name_att_rom_eastern_auxilia_palatina"	"Східна ауксилія палатинів"	"true"
"land_units_onscreen_name_att_rom_elite_ballistarii"	"Елітні баллістарії"	"true"
"land_units_onscreen_name_att_rom_elite_palatina"	"Елітний палатини"	"true"
"land_units_onscreen_name_att_rom_equites_dalmatae"	"Далматинська кіннота"	"true"
"land_units_onscreen_name_att_rom_equites_promoti"	"Промоти"	"true"
"land_units_onscreen_name_att_rom_equites_sagittarii"	"Кінні стрільці"	"true"
"land_units_onscreen_name_att_rom_excubitores_cavalry_guard"	"Кінні екскубатори"	"true"
"land_units_onscreen_name_att_rom_exculcatores"	"Екскулкатори"	"true"
"land_units_onscreen_name_att_rom_exploratores"	"Експлоратори"	"true"
"land_units_onscreen_name_att_rom_foederati_spears"	"Федерати-списоносці"	"true"
"land_units_onscreen_name_att_rom_funditores"	"Фундитори"	"true"
"land_units_onscreen_name_att_rom_herculiani_seniores"	"Старші геркуліани"	"true"
"land_units_onscreen_name_att_rom_hetaireia_guards"	"Гвардія гетериї"	"true"
"land_units_onscreen_name_att_rom_imperial_dromedarii"	"Імператорські дромедарії"	"true"
"land_units_onscreen_name_att_rom_lanciarii_seniores"	"Старші ланцерії"	"true"
"land_units_onscreen_name_att_rom_legio"	"Легіон"	"true"
"land_units_onscreen_name_att_rom_legio_comitatenses"	"Комітатський легіон"	"true"
"land_units_onscreen_name_att_rom_levis_armaturae"	"Легка піхота"	"true"
"land_units_onscreen_name_att_rom_limitanei_borderguards"	"Лімітани"	"true"
"land_units_onscreen_name_att_rom_magister_militum"	"Магістр армії"	"true"
"land_units_onscreen_name_att_rom_matiarii"	"Матіарій"	"true"
"land_units_onscreen_name_att_rom_menaulatoi"	"Менаулати"	"true"
"land_units_onscreen_name_att_rom_noble_foederati_javelinmen"	"Благородні федерати метателі списів"	"true"
"land_units_onscreen_name_att_rom_numeroi"	"Нумери"	"true"
"land_units_onscreen_name_att_rom_onager"	"Онагр"	"true"
"land_units_onscreen_name_att_rom_onager_bastion"	"Бастіонний онагр"	"true"
"land_units_onscreen_name_att_rom_onager_large"	"Великий онагр"	"true"
"land_units_onscreen_name_att_rom_palatina"	"Палатини"	"true"
"land_units_onscreen_name_att_rom_palatina_guards"	"Палатинська гвардія"	"true"
"land_units_onscreen_name_att_rom_praeventores"	"Превентори"	"true"
"land_units_onscreen_name_att_rom_protectores_domestici"	"Протектори-доместики"	"true"
"land_units_onscreen_name_att_rom_ravenna_elite_ballistarii"	"Равенські еліті балістарії"	"true"
"land_units_onscreen_name_att_rom_sagittarii"	"Стрільці"	"true"
"land_units_onscreen_name_att_rom_scholae_gentiles"	"Гентильська схола"	"true"
"land_units_onscreen_name_att_rom_scholae_palatinae"	"Палатинські схоли"	"true"
"land_units_onscreen_name_att_rom_scout_equites"	"Кінні розвідники"	"true"
"land_units_onscreen_name_att_rom_tagmata_cavalry"	"Кавалерія тагмата"	"true"
"land_units_onscreen_name_att_rom_western_auxilia_palatina"	"Західна ауксилія палатинів"	"true"
"land_units_onscreen_name_att_slav_ambushers"	"Слов'янський загін засідки"	"true"
"land_units_onscreen_name_att_slav_archers"	"Слов'янські стрільці"	"true"
"land_units_onscreen_name_att_slav_axe_levy"	"Слов'янські сокирники-новобранці"	"true"
"land_units_onscreen_name_att_slav_axe_warriors"	"Слов'янські воїни-сокирники"	"true"
"land_units_onscreen_name_att_slav_axemen"	"Слов'янські сокирники"	"true"
"land_units_onscreen_name_att_slav_champions"	"Слов'янські чемпіони"	"true"
"land_units_onscreen_name_att_slav_chosen_shields"	"Добірні щитоносці"	"true"
"land_units_onscreen_name_att_slav_followers_veles"	"Послідовники Велеса"	"true"
"land_units_onscreen_name_att_slav_horse_butchers"	"Різники коней"	"true"
"land_units_onscreen_name_att_slav_horse_cutters"	"Кінні різники"	"true"
"land_units_onscreen_name_att_slav_horse_raiders"	"Слов'янські кінні рейдери"	"true"
"land_units_onscreen_name_att_slav_hunters"	"Слов'янські мисливці"	"true"
"land_units_onscreen_name_att_slav_large_shields"	"Слов'янські великі щитоносці"	"true"
"land_units_onscreen_name_att_slav_levy_archers"	"Слов'янські стрільці-новобранці"	"true"
"land_units_onscreen_name_att_slav_levy_skirmishers"	"Слов'янські застрільники-новобранці"	"true"
"land_units_onscreen_name_att_slav_levy_spearmen"	"Слов'янські списоносці-новобранці"	"true"
"land_units_onscreen_name_att_slav_noble_skirmishers"	"Слов'янські знатні стрільці"	"true"
"land_units_onscreen_name_att_slav_noble_spearmen"	"Слов'янські знатні списоносці"	"true"
"land_units_onscreen_name_att_slav_onager"	"Онагр"	"true"
"land_units_onscreen_name_att_slav_onager_bastion"	"Бастіонний онагр"	"true"
"land_units_onscreen_name_att_slav_peruns_axes"	"Сокирники Перуна"	"true"
"land_units_onscreen_name_att_slav_peruns_champions"	"Борці Перуна"	"true"
"land_units_onscreen_name_att_slav_posion_archers"	"Стрільці з отруйними стрілами"	"true"
"land_units_onscreen_name_att_slav_posion_hunters"	"Мисливці з отруйними стрілами"	"true"
"land_units_onscreen_name_att_slav_raiders"	"Слов'янські рейдери"	"true"
"land_units_onscreen_name_att_slav_skirmishers"	"Слов'янські застрільники"	"true"
"land_units_onscreen_name_att_slav_spearmen"	"Слов'янські списоносці"	"true"
"land_units_onscreen_name_att_slav_svarogs_raiders"	"Рейдери Сварога"	"true"
"land_units_onscreen_name_att_slav_veles_chosen"	"Обрані Велеса"	"true"
"land_units_onscreen_name_att_slav_warlords_guard"	"Гвардія воєначальника"	"true"
"land_units_onscreen_name_att_slav_warriors"	"Слов'янські воїни"	"true"
"land_units_onscreen_name_att_wh_guardians_of_the_hindu_kush"	"Вартові Гіндукуша"	"true"
"land_units_onscreen_name_att_wh_hephthalite_chargers"	"Ударні ефталіти"	"true"
"land_units_onscreen_name_att_wh_khingilas_khandas"	"Хінгіли Хандаси"	"true"
"land_units_onscreen_name_att_wh_kindred_of_the_sun"	"Родичі Сонця"	"true"
"land_units_onscreen_name_att_wh_spet_xyon_archers"	"Стрільці Спет Ксіона"	"true"
"land_units_onscreen_name_att_wh_xionite_spears"	"Ксіонітські списоносці"	"true"
"land_units_onscreen_name_att_wh_yanda_spearmasters"	"Списоносці Янди"	"true"
"land_units_onscreen_name_bel_ost_ballistarii"	"Баллістарії"	"true"
"land_units_onscreen_name_bel_ost_cheiroballista"	"Хейробалістра"	"true"
"land_units_onscreen_name_bel_ost_comes"	"Комітати"	"true"
"land_units_onscreen_name_bel_ost_domestici"	"Доместики"	"true"
"land_units_onscreen_name_bel_ost_elite_ostrogothic_pikemen"	"Елітні остготські пікінери"	"true"
"land_units_onscreen_name_bel_ost_elite_sagittarii"	"Елітні стрільці"	"true"
"land_units_onscreen_name_bel_ost_gothic_horsemen"	"Готські вершники"	"true"
"land_units_onscreen_name_bel_ost_gothic_lancers"	"Готські пікінери"	"true"
"land_units_onscreen_name_bel_ost_gothic_pikemen"	"Готські пікінери"	"true"
"land_units_onscreen_name_bel_ost_iuvenes"	"Ювени"	"true"
"land_units_onscreen_name_bel_ost_javelinmen"	"Метателі списів"	"true"
"land_units_onscreen_name_bel_ost_large_onager"	"Великий онагр"	"true"
"land_units_onscreen_name_bel_ost_milites"	"Міліти"	"true"
"land_units_onscreen_name_bel_ost_milites_comitatenses"	"Комітатські міліти"	"true"
"land_units_onscreen_name_bel_ost_noble_gothic_landers"	"Шляхетні готські пікінери"	"true"
"land_units_onscreen_name_bel_ost_noble_horsemen"	"Благородні вершники"	"true"
"land_units_onscreen_name_bel_ost_noble_javelinmen"	"Благородні метателі списів"	"true"
"land_units_onscreen_name_bel_ost_onager"	"Онагр"	"true"
"land_units_onscreen_name_bel_ost_onager_bastion"	"Бастіонний онагр"	"true"
"land_units_onscreen_name_bel_ost_sagittarii"	"Стрільці"	"true"
"land_units_onscreen_name_bel_ost_scholae"	"Схола"	"true"
"land_units_onscreen_name_bel_ost_spear_milites"	"Міліти-списоносці"	"true"
"land_units_onscreen_name_bel_ost_spear_milites_comitatenses"	"Комітатські міліти-списоносці"	"true"
"land_units_onscreen_name_bel_ost_spear_veterans"	"Ветерани-списоносці"	"true"
"land_units_onscreen_name_bel_ost_veterans"	"Ветерани"	"true"
"land_units_onscreen_name_bel_rom_antesignani"	"Антесіньяни"	"true"
"land_units_onscreen_name_bel_rom_armoured_sagittarii"	"Броньовані стрільці"	"true"
"land_units_onscreen_name_bel_rom_ballistarii"	"Баллістарії"	"true"
"land_units_onscreen_name_bel_rom_bucellarii"	"Буцеллярії"	"true"
"land_units_onscreen_name_bel_rom_bucellarii_guard_axemen"	"Буцеллярії вартові-сокирники"	"true"
"land_units_onscreen_name_bel_rom_bucellarii_guard_cavalry"	"Гвардійська кавалерія буцелляріїв"	"true"
"land_units_onscreen_name_bel_rom_cataphracti"	"Катафракти"	"true"
"land_units_onscreen_name_bel_rom_cheiroballista"	"Хейробалістра"	"true"
"land_units_onscreen_name_bel_rom_clibanarii"	"Клібанарії"	"true"
"land_units_onscreen_name_bel_rom_elite_ballistarii"	"Елітні баллістарії"	"true"
"land_units_onscreen_name_bel_rom_equites_promoti"	"Промоти"	"true"
"land_units_onscreen_name_bel_rom_exploratores"	"Експлоратори"	"true"
"land_units_onscreen_name_bel_rom_foederati"	"Федерати"	"true"
"land_units_onscreen_name_bel_rom_foederati_cav"	"Федератська кавалерія"	"true"
"land_units_onscreen_name_bel_rom_foederati_horse_archers"	"Кінні стрільці-Федерати"	"true"
"land_units_onscreen_name_bel_rom_funditores"	"Фундитори"	"true"
"land_units_onscreen_name_bel_rom_hippo_toxotai"	"Гіпотоксати"	"true"
"land_units_onscreen_name_bel_rom_imperial_dromedarii"	"Імператорські дромедарії"	"true"
"land_units_onscreen_name_bel_rom_large_onager"	"Великий онагр"	"true"
"land_units_onscreen_name_bel_rom_levis_armaturae"	"Легка піхота"	"true"
"land_units_onscreen_name_bel_rom_limitanei"	"Лімітани"	"true"
"land_units_onscreen_name_bel_rom_onager"	"Онагр"	"true"
"land_units_onscreen_name_bel_rom_onager_bastion"	"Бастіонний онагр"	"true"
"land_units_onscreen_name_bel_rom_praeventores"	"Превентори"	"true"
"land_units_onscreen_name_bel_rom_sagittarii"	"Стрільці"	"true"
"land_units_onscreen_name_bel_rom_scout_equites"	"Кінні розвідники"	"true"
"land_units_onscreen_name_bel_rom_skutatoi"	"Скутати"	"true"
"land_units_onscreen_name_bel_rom_skutatoi_axemen"	"Скутати з сокирами"	"true"
"land_units_onscreen_name_bel_rom_skutatoi_spears"	"Скутати-списоносці"	"true"
"land_units_onscreen_name_bel_rom_tagmata_cavalry"	"Кавалерія тагмата"	"true"
"land_units_onscreen_name_bel_van_moorish_levy"	"Мавританські новобранці"	"true"
"land_units_onscreen_name_bel_van_noble_vandal_horsemen"	"Благородні вандальські вершники"	"true"
"land_units_onscreen_name_bel_van_noble_vandal_swordsmen"	"Благородні вандальські мечники"	"true"
"land_units_onscreen_name_bel_van_vandal_horsemen"	"Вандальські вершники"	"true"
"land_units_onscreen_name_bel_van_vandali_comitatus"	"Комітатські вандали"	"true"
"land_units_onscreen_name_cha_avar_boatmen"	"Аварські човнярі"	"true"
"land_units_onscreen_name_cha_avar_foot_archers"	"Аварські піші стрільці"	"true"
"land_units_onscreen_name_cha_avar_guard"	"Аварська гвардія"	"true"
"land_units_onscreen_name_cha_avar_guard_boatmen"	"Аварські гвардійські човнярі"	"true"
"land_units_onscreen_name_cha_avar_heavy_boatmen"	"Аварські важкі човнярі"	"true"
"land_units_onscreen_name_cha_avar_horse_archers"	"Аварські кінні стрільці"	"true"
"land_units_onscreen_name_cha_avar_horse_masters"	"Аварські майстри коней"	"true"
"land_units_onscreen_name_cha_avar_lancers"	"Аварські пікінери"	"true"
"land_units_onscreen_name_cha_avar_levy_archers"	"Стрільці-новобранці"	"true"
"land_units_onscreen_name_cha_avar_levy_spear"	"Списоносці-новобранці"	"true"
"land_units_onscreen_name_cha_avar_light_boatmen"	"Аварські легкі човнярі"	"true"
"land_units_onscreen_name_cha_avar_noble_archers"	"Аварські знатні стрільці"	"true"
"land_units_onscreen_name_cha_avar_noble_lancers"	"Аварські знатні пікінери"	"true"
"land_units_onscreen_name_cha_avar_noble_sword"	"Аварські знатні мечоносці"	"true"
"land_units_onscreen_name_cha_avar_onager"	"Онагр"	"true"
"land_units_onscreen_name_cha_avar_onager_bastion"	"Бастіонний онагр"	"true"
"land_units_onscreen_name_cha_avar_spear"	"Списоносці"	"true"
"land_units_onscreen_name_cha_avar_tribesmen"	"Воїни племені"	"true"
"land_units_onscreen_name_cha_bre_armorican_cav"	"Армориканська кавалерія"	"true"
"land_units_onscreen_name_cha_bre_armorican_knights"	"Армориканські лицарі"	"true"
"land_units_onscreen_name_cha_byz_archer_boatmen"	"Човнярі-лучники"	"true"
"land_units_onscreen_name_cha_byz_archers"	"Стрільці"	"true"
"land_units_onscreen_name_cha_byz_armoured_archers"	"Броньовані стрільці"	"true"
"land_units_onscreen_name_cha_byz_artillery_crew"	"Римські інженери"	"true"
"land_units_onscreen_name_cha_byz_duxs_guard"	"Гвардія дукса"	"true"
"land_units_onscreen_name_cha_byz_guard_marines"	"Морська гвардія"	"true"
"land_units_onscreen_name_cha_byz_iuvenes"	"Ювени"	"true"
"land_units_onscreen_name_cha_byz_large_onager"	"Великий онагр"	"true"
"land_units_onscreen_name_cha_byz_levy_marines"	"Моряки-новобранці"	"true"
"land_units_onscreen_name_cha_byz_levy_spear"	"Списоносці-новобранці"	"true"
"land_units_onscreen_name_cha_byz_light_cav"	"Легка кавалерія"	"true"
"land_units_onscreen_name_cha_byz_onager"	"Онагр"	"true"
"land_units_onscreen_name_cha_byz_onager_bastion"	"Бастіонний онагр"	"true"
"land_units_onscreen_name_cha_byz_scout_cavalry"	"Кінні розвідники"	"true"
"land_units_onscreen_name_cha_byz_skirm"	"Застрільники"	"true"
"land_units_onscreen_name_cha_byz_skutatoi"	"Скутати"	"true"
"land_units_onscreen_name_cha_byz_skutatoi_axemen"	"Скутати з сокирами"	"true"
"land_units_onscreen_name_cha_byz_skutatoi_marines"	"Морські скутати"	"true"
"land_units_onscreen_name_cha_byz_skutatoi_spear"	"Скутати-списоносці"	"true"
"land_units_onscreen_name_cha_byz_tagmata_cavalry"	"Кавалерія тагмата"	"true"
"land_units_onscreen_name_cha_cel_archer_boatmen"	"Човнярі-лучники"	"true"
"land_units_onscreen_name_cha_cel_armoured_spear"	"Броньовані списоносці"	"true"
"land_units_onscreen_name_cha_cel_axemen"	"Сокирники"	"true"
"land_units_onscreen_name_cha_cel_fianna"	"Фіанна"	"true"
"land_units_onscreen_name_cha_cel_gazelhounds"	"Гайзхаунди"	"true"
"land_units_onscreen_name_cha_cel_horsemen"	"Вершники"	"true"
"land_units_onscreen_name_cha_cel_javelin_boatmen"	"Човнярі-метальники списів"	"true"
"land_units_onscreen_name_cha_cel_javelinmen"	"Метателі списів"	"true"
"land_units_onscreen_name_cha_cel_kerns"	"Керни"	"true"
"land_units_onscreen_name_cha_cel_kings_fianna"	"Королівська фіанна"	"true"
"land_units_onscreen_name_cha_cel_kings_warband"	"Королівський військовий загін"	"true"
"land_units_onscreen_name_cha_cel_levy_archers"	"Стрільці-новобранці"	"true"
"land_units_onscreen_name_cha_cel_levy_spear"	"Списоносці-новобранці"	"true"
"land_units_onscreen_name_cha_cel_onager"	"Онагр"	"true"
"land_units_onscreen_name_cha_cel_onager_bastion"	"Бастіонний онагр"	"true"
"land_units_onscreen_name_cha_cel_pictish_archers"	"Піктські стрільці"	"true"
"land_units_onscreen_name_cha_cel_pictish_crossbowmen"	"Піктські арбалетники"	"true"
"land_units_onscreen_name_cha_cel_pictish_nobles"	"Піктські дворяни"	"true"
"land_units_onscreen_name_cha_cel_royal_horsemen"	"Королівські вершники"	"true"
"land_units_onscreen_name_cha_cel_spear"	"Списоносці"	"true"
"land_units_onscreen_name_cha_cel_spear_boatmen"	"Човнярі-списоносці"	"true"
"land_units_onscreen_name_cha_cel_sword"	"Мечники"	"true"
"land_units_onscreen_name_cha_cel_sword_band"	"Загін мечників"	"true"
"land_units_onscreen_name_cha_cel_sword_boatmen"	"Човнярі з мечами"	"true"
"land_units_onscreen_name_cha_cel_sword_warriors"	"Воїни меча"	"true"
"land_units_onscreen_name_cha_cel_teulu"	"Теули"	"true"
"land_units_onscreen_name_cha_cel_teulu_marines"	"Морські теули"	"true"
"land_units_onscreen_name_cha_cel_welsh_archers"	"Валлійські стрільці"	"true"
"land_units_onscreen_name_cha_cel_welsh_longbowmen"	"Валлійські лучники"	"true"
"land_units_onscreen_name_cha_eng_fyrd_archer_boatmen"	"Човнярі фірда з луками"	"true"
"land_units_onscreen_name_cha_eng_fyrd_archers"	"Стрільці фірда"	"true"
"land_units_onscreen_name_cha_eng_fyrd_axemen"	"Сокирники фірда"	"true"
"land_units_onscreen_name_cha_eng_fyrd_boatmen"	"Човнярі фірда"	"true"
"land_units_onscreen_name_cha_eng_fyrd_javelinmen"	"Метателі списів фірда"	"true"
"land_units_onscreen_name_cha_eng_fyrd_slingers"	"Фірдські пращники"	"true"
"land_units_onscreen_name_cha_eng_fyrd_spear"	"Фірдські списоносці"	"true"
"land_units_onscreen_name_cha_eng_horsemen"	"Вершники"	"true"
"land_units_onscreen_name_cha_eng_onager"	"Онагр"	"true"
"land_units_onscreen_name_cha_eng_onager_bastion"	"Бастіонний онагр"	"true"
"land_units_onscreen_name_cha_eng_royal_companions"	"Королівська охорона"	"true"
"land_units_onscreen_name_cha_eng_royal_horsemen"	"Королівські вершники"	"true"
"land_units_onscreen_name_cha_eng_royal_marines"	"Королівська морська піхота"	"true"
"land_units_onscreen_name_cha_eng_royal_thegns"	"Королівські тени"	"true"
"land_units_onscreen_name_cha_eng_select_archers"	"Добірні стрільці"	"true"
"land_units_onscreen_name_cha_eng_select_axemen"	"Добірні сокирники"	"true"
"land_units_onscreen_name_cha_eng_select_spear"	"Добірні списоносці"	"true"
"land_units_onscreen_name_cha_eng_thegn_boatmen"	"Тенські човнярі"	"true"
"land_units_onscreen_name_cha_eng_thegn_spearmen"	"Тенські списоносці"	"true"
"land_units_onscreen_name_cha_eng_thegns"	"Тени"	"true"
"land_units_onscreen_name_cha_fra_archers"	"Стрільці"	"true"
"land_units_onscreen_name_cha_fra_armoured_spear"	"Броньовані списоносці"	"true"
"land_units_onscreen_name_cha_fra_armoured_sword"	"Броньовані мечники"	"true"
"land_units_onscreen_name_cha_fra_artillery_crew"	"Франкські інженери"	"true"
"land_units_onscreen_name_cha_fra_cav"	"Франкська кавалерія"	"true"
"land_units_onscreen_name_cha_fra_guardsmen"	"Гвардійці"	"true"
"land_units_onscreen_name_cha_fra_heavy_marines"	"Франкська важка морська піхота"	"true"
"land_units_onscreen_name_cha_fra_horsemen"	"Франкські вершники"	"true"
"land_units_onscreen_name_cha_fra_large_onager"	"Великий онагр"	"true"
"land_units_onscreen_name_cha_fra_levy_archers"	"Стрільці-новобранці"	"true"
"land_units_onscreen_name_cha_fra_levy_skirm"	"Застрільники-новобранці"	"true"
"land_units_onscreen_name_cha_fra_levy_spear"	"Списоносці-новобранці"	"true"
"land_units_onscreen_name_cha_fra_light_boatmen"	"Легкі човнярі"	"true"
"land_units_onscreen_name_cha_fra_marines"	"Франкські морські піхотинці"	"true"
"land_units_onscreen_name_cha_fra_mounted_archers"	"Кінні стрільці"	"true"
"land_units_onscreen_name_cha_fra_mounted_spear"	"Кінні списоносці"	"true"
"land_units_onscreen_name_cha_fra_mounted_swordsmen"	"Кінні мечники"	"true"
"land_units_onscreen_name_cha_fra_onager"	"Онагр"	"true"
"land_units_onscreen_name_cha_fra_onager_bastion"	"Бастіонний онагр"	"true"
"land_units_onscreen_name_cha_fra_palace_guard"	"Палацова гвардія"	"true"
"land_units_onscreen_name_cha_fra_paladin_guardsmen"	"Гвардія паладинів"	"true"
"land_units_onscreen_name_cha_fra_picked_marines"	"Добірні морські піхотинці"	"true"
"land_units_onscreen_name_cha_fra_scola_cav"	"Кавалерія скола"	"true"
"land_units_onscreen_name_cha_fra_scola_knights"	"Лицарі скола"	"true"
"land_units_onscreen_name_cha_fra_skirm"	"Застрільники"	"true"
"land_units_onscreen_name_cha_fra_spear"	"Франкські списоносці"	"true"
"land_units_onscreen_name_cha_fra_sword"	"Мечники"	"true"
"land_units_onscreen_name_cha_gen_archers"	"Стрільці"	"true"
"land_units_onscreen_name_cha_gen_armoured_spear"	"Броньовані списоносці"	"true"
"land_units_onscreen_name_cha_gen_armoured_sword"	"Броньовані мечники"	"true"
"land_units_onscreen_name_cha_gen_artillery_crew"	"Інженери"	"true"
"land_units_onscreen_name_cha_gen_guard_cav"	"Гвардійська кавалерія"	"true"
"land_units_onscreen_name_cha_gen_guard_marines"	"Морська гвардія"	"true"
"land_units_onscreen_name_cha_gen_heavy_marines"	"Важка морська піхота"	"true"
"land_units_onscreen_name_cha_gen_knights"	"Лицарі"	"true"
"land_units_onscreen_name_cha_gen_large_onager"	"Великий онагр"	"true"
"land_units_onscreen_name_cha_gen_levy_archers"	"Стрільці-новобранці"	"true"
"land_units_onscreen_name_cha_gen_levy_skirm"	"Застрільники-новобранці"	"true"
"land_units_onscreen_name_cha_gen_levy_spear"	"Списоносці-новобранці"	"true"
"land_units_onscreen_name_cha_gen_light_boatmen"	"Легкі човнярі"	"true"
"land_units_onscreen_name_cha_gen_marines"	"Морська піхота"	"true"
"land_units_onscreen_name_cha_gen_noble_cav"	"Шляхетна кавалерія"	"true"
"land_units_onscreen_name_cha_gen_onager"	"Онагр"	"true"
"land_units_onscreen_name_cha_gen_onager_bastion"	"Бастіонний онагр"	"true"
"land_units_onscreen_name_cha_gen_skirm"	"Застрільники"	"true"
"land_units_onscreen_name_cha_gen_skirm_cav"	"Застрілочна кавалерія"	"true"
"land_units_onscreen_name_cha_gen_spear"	"Списоносці"	"true"
"land_units_onscreen_name_cha_gen_sword"	"Мечники"	"true"
"land_units_onscreen_name_cha_lom_archers"	"Стрільці"	"true"
"land_units_onscreen_name_cha_lom_artillery_crew"	"Ломбардські інженери"	"true"
"land_units_onscreen_name_cha_lom_axemen"	"Ломбардські сокирники"	"true"
"land_units_onscreen_name_cha_lom_clubmen"	"Члени ломбардського клубу"	"true"
"land_units_onscreen_name_cha_lom_gastald_cav"	"Кавалерія гастальда"	"true"
"land_units_onscreen_name_cha_lom_gastald_guardsmen"	"Гвардійці гастальда"	"true"
"land_units_onscreen_name_cha_lom_gastald_knights"	"Лицарі гастальда"	"true"
"land_units_onscreen_name_cha_lom_gastald_marines"	"Морська піхота гастальда"	"true"
"land_units_onscreen_name_cha_lom_gastald_swordsmen"	"Мечники гастальда"	"true"
"land_units_onscreen_name_cha_lom_guardsmen"	"Гвардійці"	"true"
"land_units_onscreen_name_cha_lom_heavy_marines"	"Ломбардська важка морська піхота"	"true"
"land_units_onscreen_name_cha_lom_horsemen"	"Ломбардські вершники"	"true"
"land_units_onscreen_name_cha_lom_lancers"	"Ломбардські пікінери"	"true"
"land_units_onscreen_name_cha_lom_large_onager"	"Великий онагр"	"true"
"land_units_onscreen_name_cha_lom_levy"	"Ломбардські новобранці"	"true"
"land_units_onscreen_name_cha_lom_levy_archers"	"Стрільці-новобранці"	"true"
"land_units_onscreen_name_cha_lom_levy_axemen"	"Новобранці з сокирами"	"true"
"land_units_onscreen_name_cha_lom_levy_skirm"	"Застрільники-новобранці"	"true"
"land_units_onscreen_name_cha_lom_levy_spear"	"Списоносці-новобранці"	"true"
"land_units_onscreen_name_cha_lom_light_boatmen"	"Ломбардські легкі човнярі"	"true"
"land_units_onscreen_name_cha_lom_marines"	"Ломбардська морська піхота"	"true"
"land_units_onscreen_name_cha_lom_night_raiders"	"Нічні рейдери"	"true"
"land_units_onscreen_name_cha_lom_onager"	"Онагр"	"true"
"land_units_onscreen_name_cha_lom_onager_bastion"	"Бастіонний онагр"	"true"
"land_units_onscreen_name_cha_lom_raider_cav"	"Рейдерська кавалерія"	"true"
"land_units_onscreen_name_cha_lom_skirm"	"Застрільники"	"true"
"land_units_onscreen_name_cha_lom_spear"	"Списоносці"	"true"
"land_units_onscreen_name_cha_lom_sword"	"Мечники"	"true"
"land_units_onscreen_name_cha_merc_avar_boatmen"	"Наймані аварські човнярі"	"true"
"land_units_onscreen_name_cha_merc_avar_horse_archers"	"Наймані аварські кінні стрільці"	"true"
"land_units_onscreen_name_cha_merc_avar_lancers"	"Наймані аварські пікінери"	"true"
"land_units_onscreen_name_cha_merc_avar_light_boatmen"	"Наймані аварські легкі човнярі"	"true"
"land_units_onscreen_name_cha_merc_bre_armorican_cav"	"Наймана армориканська кавалерія"	"true"
"land_units_onscreen_name_cha_merc_byz_archer_boatmen"	"Наймані візантійські човнярі-лучники"	"true"
"land_units_onscreen_name_cha_merc_byz_archers"	"Наймані візантійські стрільці"	"true"
"land_units_onscreen_name_cha_merc_byz_levy_marines"	"Наймана візантійська морська піхота"	"true"
"land_units_onscreen_name_cha_merc_byz_light_cav"	"Наймана візантійська кіннота"	"true"
"land_units_onscreen_name_cha_merc_byz_skutatoi"	"Наймані скутати"	"true"
"land_units_onscreen_name_cha_merc_byz_skutatoi_marines"	"Наймані морські скутати"	"true"
"land_units_onscreen_name_cha_merc_cel_archer_boatmen"	"Наймані кельтські човнярі-лучники"	"true"
"land_units_onscreen_name_cha_merc_cel_armoured_spear"	"Наймані валлійські броньовані списоносці"	"true"
"land_units_onscreen_name_cha_merc_cel_fianna"	"Найманка Фіанна"	"true"
"land_units_onscreen_name_cha_merc_cel_horsemen"	"Наймані кельтські вершники"	"true"
"land_units_onscreen_name_cha_merc_cel_javelin_boatmen"	"Наймані ірландські човнярі-списоносці"	"true"
"land_units_onscreen_name_cha_merc_cel_kerns"	"Наймані керни"	"true"
"land_units_onscreen_name_cha_merc_cel_pictish_crossbowmen"	"Наймані піктські арбалетники"	"true"
"land_units_onscreen_name_cha_merc_cel_spear_boatmen"	"Наймані кельти-списоносці"	"true"
"land_units_onscreen_name_cha_merc_cel_sword_band"	"Наймані піктський загін мечників"	"true"
"land_units_onscreen_name_cha_merc_cel_welsh_archers"	"Валлійські наймані стрільці"	"true"
"land_units_onscreen_name_cha_merc_eng_fyrd_archer_boatmen"	"Наймані човнярі фірда з луками"	"true"
"land_units_onscreen_name_cha_merc_eng_fyrd_archers"	"Наймані Фірдські стрільці"	"true"
"land_units_onscreen_name_cha_merc_eng_fyrd_boatmen"	"Наймані човнярі фірда"	"true"
"land_units_onscreen_name_cha_merc_eng_fyrd_spear"	"Наймані списоносці фірда"	"true"
"land_units_onscreen_name_cha_merc_eng_horsemen"	"Наймані англійські вершники"	"true"
"land_units_onscreen_name_cha_merc_eng_thegns"	"Наймані тени"	"true"
"land_units_onscreen_name_cha_merc_fra_archers"	"Наймані франкські стрільці"	"true"
"land_units_onscreen_name_cha_merc_fra_armoured_sword"	"Наймані франкські броньовані мечники"	"true"
"land_units_onscreen_name_cha_merc_fra_horsemen"	"Наймані франкські вершники"	"true"
"land_units_onscreen_name_cha_merc_fra_light_boatmen"	"Наймані франкські легкі човнярі"	"true"
"land_units_onscreen_name_cha_merc_fra_marines"	"Наймана франкська морська піхота"	"true"
"land_units_onscreen_name_cha_merc_fra_spear"	"Наймані франкські списоносці"	"true"
"land_units_onscreen_name_cha_merc_gen_archers"	"Наймані стрільці"	"true"
"land_units_onscreen_name_cha_merc_gen_armoured_spear"	"Наймані броньовані списоносці"	"true"
"land_units_onscreen_name_cha_merc_gen_armoured_sword"	"Наймані броньовані мечники"	"true"
"land_units_onscreen_name_cha_merc_gen_light_boatmen"	"Наймані легкі човнярі"	"true"
"land_units_onscreen_name_cha_merc_gen_marines"	"Морські найманці"	"true"
"land_units_onscreen_name_cha_merc_gen_skirm"	"Найманці"	"true"
"land_units_onscreen_name_cha_merc_gen_skirm_cav"	"Наймана кавалерія стрільців"	"true"
"land_units_onscreen_name_cha_merc_gen_spear"	"Наймані списоносці"	"true"
"land_units_onscreen_name_cha_merc_lom_archers"	"Наймані ломбардські стрільці"	"true"
"land_units_onscreen_name_cha_merc_lom_clubmen"	"Наймані лангобардські клубники"	"true"
"land_units_onscreen_name_cha_merc_lom_horsemen"	"Наймані ломбардські вершники"	"true"
"land_units_onscreen_name_cha_merc_lom_light_boatmen"	"Наймані ломбардські легкі човнярі"	"true"
"land_units_onscreen_name_cha_merc_lom_marines"	"Наймані ломбардські морські піхотинці"	"true"
"land_units_onscreen_name_cha_merc_lom_raider_cav"	"Наймана ломбардська рейдерська кавалерія"	"true"
"land_units_onscreen_name_cha_merc_lom_spear"	"Наймані ломбардські списоносці"	"true"
"land_units_onscreen_name_cha_merc_mus_andalusian_archer_boatmen"	"Наймані андалузькі човнярі-лучники"	"true"
"land_units_onscreen_name_cha_merc_mus_andalusian_cav"	"Наймана андалузька кавалерія"	"true"
"land_units_onscreen_name_cha_merc_mus_andalusian_infantry"	"Наймана андалузька піхота"	"true"
"land_units_onscreen_name_cha_merc_mus_andalusian_marines"	"Наймані андалузькі морські піхотинці"	"true"
"land_units_onscreen_name_cha_merc_mus_andalusian_skirm"	"Наймані андалузькі застрільники"	"true"
"land_units_onscreen_name_cha_merc_mus_berber_levy"	"Наймані берберські новобранці"	"true"
"land_units_onscreen_name_cha_merc_mus_berber_raiders"	"Наймані берберські рейдери"	"true"
"land_units_onscreen_name_cha_merc_mus_berber_spearmen"	"Наймані берберські списоносці"	"true"
"land_units_onscreen_name_cha_merc_sax_boatmen"	"Наймані саксонські човнярі"	"true"
"land_units_onscreen_name_cha_merc_sax_javelinmen"	"Наймані саксонські метателі списів"	"true"
"land_units_onscreen_name_cha_merc_sax_light_raiders"	"Наймані саксонські легкі рейдери"	"true"
"land_units_onscreen_name_cha_merc_sax_raiders"	"Наймані саксонські рейдери"	"true"
"land_units_onscreen_name_cha_merc_sax_scout_cav"	"Наймані кінні розвідники"	"true"
"land_units_onscreen_name_cha_merc_sax_seax_warriors"	"Наймані воїни з саксами"	"true"
"land_units_onscreen_name_cha_merc_sax_spear_band"	"Загін найманих саксонських списоносців"	"true"
"land_units_onscreen_name_cha_merc_slav_ambushers"	"Найманий слов'янський загін засідки"	"true"
"land_units_onscreen_name_cha_merc_slav_archers"	"Наймані слов'янські стрільці"	"true"
"land_units_onscreen_name_cha_merc_slav_boatmen"	"Наймані слов'янські човнярі"	"true"
"land_units_onscreen_name_cha_merc_slav_light_boatmen"	"Наймані слов'янські легкі човнярі"	"true"
"land_units_onscreen_name_cha_merc_slav_raiders"	"Наймані слов'янські рейдери"	"true"
"land_units_onscreen_name_cha_merc_slav_tribesmen"	"Наймані слов'янські племінники"	"true"
"land_units_onscreen_name_cha_merc_spa_ambushers"	"Наймані іспанські загони засідки"	"true"
"land_units_onscreen_name_cha_merc_spa_iberian_cav"	"Наймана іберійська кавалерія"	"true"
"land_units_onscreen_name_cha_merc_spa_raider_cav"	"Наймана іспанська рейдерська кавалерія"	"true"
"land_units_onscreen_name_cha_merc_vik_archers"	"Наймані стрільці вікінгів"	"true"
"land_units_onscreen_name_cha_merc_vik_axe_freemen"	"Наймані селяни з сокирами"	"true"
"land_units_onscreen_name_cha_merc_vik_big_axes"	"Найманці з великими сокирами"	"true"
"land_units_onscreen_name_cha_merc_vik_raiders"	"Наймані вікінги-рейдери"	"true"
"land_units_onscreen_name_cha_merc_vik_ship_archers"	"Наймані корабельні стрільці вікінгів"	"true"
"land_units_onscreen_name_cha_merc_vik_smashers"	"Наймані вікінги-руйнівники"	"true"
"land_units_onscreen_name_cha_merc_vik_sword_hirdmen"	"Наймані мечники хірда"	"true"
"land_units_onscreen_name_cha_mus_andalusian_archer_boatmen"	"Андалузські човнярі-лучники"	"true"
"land_units_onscreen_name_cha_mus_andalusian_archer_marines"	"Морська піхота Андалузький лучник"	"true"
"land_units_onscreen_name_cha_mus_andalusian_cav"	"Андалузька кавалерія"	"true"
"land_units_onscreen_name_cha_mus_andalusian_guard_marines"	"Морська піхота Андалузії"	"true"
"land_units_onscreen_name_cha_mus_andalusian_infantry"	"Андалузька піхота"	"true"
"land_units_onscreen_name_cha_mus_andalusian_marines"	"Андалузька морська піхота"	"true"
"land_units_onscreen_name_cha_mus_andalusian_skirm"	"Андалузькі застрільники"	"true"
"land_units_onscreen_name_cha_mus_andalusian_warriors"	"Андалузькі воїни"	"true"
"land_units_onscreen_name_cha_mus_archers"	"Андалузькі стрільці"	"true"
"land_units_onscreen_name_cha_mus_armoured_archers"	"Броньовані стрільці"	"true"
"land_units_onscreen_name_cha_mus_armoured_cav"	"Броньована кавалерія"	"true"
"land_units_onscreen_name_cha_mus_armoured_marines"	"Броньовані морські піхотинці"	"true"
"land_units_onscreen_name_cha_mus_artillery_crew"	"Андалузькі інженери"	"true"
"land_units_onscreen_name_cha_mus_berber_horsemen"	"Вершники"	"true"
"land_units_onscreen_name_cha_mus_berber_jinetes"	"Берберські джінети"	"true"
"land_units_onscreen_name_cha_mus_berber_levy"	"Бербери-новобранці"	"true"
"land_units_onscreen_name_cha_mus_berber_light_cav"	"Берберська легка кавалерія"	"true"
"land_units_onscreen_name_cha_mus_berber_raiders"	"Берберські рейдери"	"true"
"land_units_onscreen_name_cha_mus_berber_spearmen"	"Берберські списоносці"	"true"
"land_units_onscreen_name_cha_mus_berber_warriors"	"Берберські воїни"	"true"
"land_units_onscreen_name_cha_mus_large_onager"	"Великий онагр"	"true"
"land_units_onscreen_name_cha_mus_onager"	"Онагр"	"true"
"land_units_onscreen_name_cha_mus_onager_bastion"	"Бастіонний онагр"	"true"
"land_units_onscreen_name_cha_mus_slingers"	"Пращники"	"true"
"land_units_onscreen_name_cha_mus_umayyad_guard_cav"	"Гвардійська кавалерія омейядів"	"true"
"land_units_onscreen_name_cha_mus_umayyad_guardsmen"	"Гвардійці омейядів"	"true"
"land_units_onscreen_name_cha_pap_guardsmen"	"Папські гвардійці"	"true"
"land_units_onscreen_name_cha_pope"	"Папа Римський"	"true"
"land_units_onscreen_name_cha_sax_archers"	"Стрільці"	"true"
"land_units_onscreen_name_cha_sax_axe_band"	"Група сокирників"	"true"
"land_units_onscreen_name_cha_sax_axe_warriors"	"Воїни з сокирами"	"true"
"land_units_onscreen_name_cha_sax_boatmen"	"Саксонські човнярі"	"true"
"land_units_onscreen_name_cha_sax_cav"	"Саксонська кавалерія"	"true"
"land_units_onscreen_name_cha_sax_hearth_cav"	"Кавалерія вогнища"	"true"
"land_units_onscreen_name_cha_sax_hearth_guard"	"Охоронці вогнища"	"true"
"land_units_onscreen_name_cha_sax_hearth_marines"	"Морська піхота вогнища"	"true"
"land_units_onscreen_name_cha_sax_heavy_boatmen"	"Саксонські важкі човнярі"	"true"
"land_units_onscreen_name_cha_sax_javelinmen"	"Метателі списів"	"true"
"land_units_onscreen_name_cha_sax_levy_archers"	"Стрільці-новобранці"	"true"
"land_units_onscreen_name_cha_sax_levy_javelinmen"	"Метателі списів-новобранці"	"true"
"land_units_onscreen_name_cha_sax_light_raiders"	"Саксонські легкі рейдери"	"true"
"land_units_onscreen_name_cha_sax_noble_javelinmen"	"Благородні метателі списів"	"true"
"land_units_onscreen_name_cha_sax_onager"	"Онагр"	"true"
"land_units_onscreen_name_cha_sax_onager_bastion"	"Бастіонний онагр"	"true"
"land_units_onscreen_name_cha_sax_raiders"	"Саксонські рейдери"	"true"
"land_units_onscreen_name_cha_sax_scout_cav"	"Кінні розвідники"	"true"
"land_units_onscreen_name_cha_sax_seax_band"	"Загін з саксами"	"true"
"land_units_onscreen_name_cha_sax_seax_warriors"	"Воїни з саксами"	"true"
"land_units_onscreen_name_cha_sax_spear_band"	"Загін списоносців"	"true"
"land_units_onscreen_name_cha_sax_spear_veterans"	"Ветерани-списоносці"	"true"
"land_units_onscreen_name_cha_sax_spear_warriors"	"Воїни-списоносці"	"true"
"land_units_onscreen_name_cha_sax_sword_veterans"	"Ветерани мечники"	"true"
"land_units_onscreen_name_cha_sax_warhounds"	"Бойові пси"	"true"
"land_units_onscreen_name_cha_slav_ambushers"	"Загін засідки"	"true"
"land_units_onscreen_name_cha_slav_archers"	"Стрільці"	"true"
"land_units_onscreen_name_cha_slav_boatmen"	"Слов'янські човнярі"	"true"
"land_units_onscreen_name_cha_slav_champions"	"Слов'янські чемпіони"	"true"
"land_units_onscreen_name_cha_slav_elite_boatmen"	"Слов'янські елітні човнярі"	"true"
"land_units_onscreen_name_cha_slav_large_shields"	"Великі щитоносці"	"true"
"land_units_onscreen_name_cha_slav_light_boatmen"	"Слов'янські легкі човнярі"	"true"
"land_units_onscreen_name_cha_slav_onager"	"Онагр"	"true"
"land_units_onscreen_name_cha_slav_onager_bastion"	"Бастіонний онагр"	"true"
"land_units_onscreen_name_cha_slav_raiders"	"Слов'янські рейдери"	"true"
"land_units_onscreen_name_cha_slav_royal_cav"	"Слов'янська королівська кіннота"	"true"
"land_units_onscreen_name_cha_slav_skirm"	"Застрільники"	"true"
"land_units_onscreen_name_cha_slav_spear"	"Списоносці"	"true"
"land_units_onscreen_name_cha_slav_tribesmen"	"Слов'янські виїни племіні"	"true"
"land_units_onscreen_name_cha_slav_warriors"	"Слов'янські воїни"	"true"
"land_units_onscreen_name_cha_spa_ambushers"	"Загін засідки"	"true"
"land_units_onscreen_name_cha_spa_iberian_cav"	"Іберійська кавалерія"	"true"
"land_units_onscreen_name_cha_spa_jinetes"	"Джінети"	"true"
"land_units_onscreen_name_cha_spa_noble_skirm"	"Шляхетні застрільники"	"true"
"land_units_onscreen_name_cha_spa_raider_cav"	"Рейдерська кавалерія"	"true"
"land_units_onscreen_name_cha_spa_royal_cav"	"Королівська кавалерія"	"true"
"land_units_onscreen_name_cha_spa_royal_guard_cavalry"	"Королівська гвардійська кавалерія"	"true"
"land_units_onscreen_name_cha_spa_royal_guardsmen"	"Королівські гвардійці"	"true"
"land_units_onscreen_name_cha_spa_royal_knights"	"Королівські лицарі"	"true"
"land_units_onscreen_name_cha_spa_tribesmen"	"Воїни племені"	"true"
"land_units_onscreen_name_cha_vik_archers"	"Стрільці"	"true"
"land_units_onscreen_name_cha_vik_armoured_archers"	"Броньовані стрільці"	"true"
"land_units_onscreen_name_cha_vik_axe_freemen"	"Селяни з сокирами"	"true"
"land_units_onscreen_name_cha_vik_axe_hirdmen"	"Сокирники хірда"	"true"
"land_units_onscreen_name_cha_vik_axemen"	"Сокирники"	"true"
"land_units_onscreen_name_cha_vik_berserkers"	"Берсерки"	"true"
"land_units_onscreen_name_cha_vik_big_axes"	"Воїни з великими сокирами"	"true"
"land_units_onscreen_name_cha_vik_heavy_raiders"	"Важкі рейдери вікінгів"	"true"
"land_units_onscreen_name_cha_vik_housecarls"	"Хускарли"	"true"
"land_units_onscreen_name_cha_vik_hunters"	"Мисливці-вікінги"	"true"
"land_units_onscreen_name_cha_vik_levy_freemen"	"Селяни-новобранці"	"true"
"land_units_onscreen_name_cha_vik_marauders"	"Вікінги-мародери"	"true"
"land_units_onscreen_name_cha_vik_onager"	"Онагр"	"true"
"land_units_onscreen_name_cha_vik_onager_bastion"	"Бастіонний онагр"	"true"
"land_units_onscreen_name_cha_vik_raiders"	"Вікінги-рейдери"	"true"
"land_units_onscreen_name_cha_vik_ship_archers"	"Корабельні стрільці вікінгів"	"true"
"land_units_onscreen_name_cha_vik_skirm"	"Застрільники"	"true"
"land_units_onscreen_name_cha_vik_smashers"	"Вікінги-руйнівники"	"true"
"land_units_onscreen_name_cha_vik_spear"	"Списоносці"	"true"
"land_units_onscreen_name_cha_vik_sword_hirdmen"	"Мечники хірда"	"true"
"land_units_onscreen_name_cha_vik_warlords_companions"	"Охорона воєначальника"	"true"