"start_pos_settlements_onscreen_name_settlement:att_reg_aegyptus_alexandria2130447613"	"Александрія"	"True"
"start_pos_settlements_onscreen_name_settlement:att_reg_aegyptus_alexandria2130448876"	"Александрія"	"True"
"start_pos_settlements_onscreen_name_settlement:att_reg_aegyptus_berenice2130447614"	"Береніка"	"True"
"start_pos_settlements_onscreen_name_settlement:att_reg_aegyptus_berenice2130448878"	"Береніка"	"True"
"start_pos_settlements_onscreen_name_settlement:att_reg_aegyptus_oxyrhynchus2130447615"	"Оксірінх"	"True"
"start_pos_settlements_onscreen_name_settlement:att_reg_aegyptus_oxyrhynchus2130448882"	"Оксірінх"	"True"
"start_pos_settlements_onscreen_name_settlement:att_reg_aethiopia_adulis2130447616"	"Адуліс"	"True"
"start_pos_settlements_onscreen_name_settlement:att_reg_aethiopia_adulis2130448883"	"Адуліс"	"True"
"start_pos_settlements_onscreen_name_settlement:att_reg_aethiopia_aksum2130447617"	"Аксум"	"True"
"start_pos_settlements_onscreen_name_settlement:att_reg_aethiopia_aksum2130448891"	"Аксум"	"True"
"start_pos_settlements_onscreen_name_settlement:att_reg_aethiopia_pachoras2130447618"	"Пахорас"	"True"
"start_pos_settlements_onscreen_name_settlement:att_reg_aethiopia_pachoras2130448898"	"Пахорас"	"True"
"start_pos_settlements_onscreen_name_settlement:att_reg_africa_carthago2130447619"	"Карфаген"	"True"
"start_pos_settlements_onscreen_name_settlement:att_reg_africa_carthago2130448900"	"Карфаген"	"True"
"start_pos_settlements_onscreen_name_settlement:att_reg_africa_constantina2130447620"	"Константіна"	"True"
"start_pos_settlements_onscreen_name_settlement:att_reg_africa_constantina2130448906"	"Константіна"	"True"
"start_pos_settlements_onscreen_name_settlement:att_reg_africa_hadrumentum2130447621"	"Гадрумет"	"True"
"start_pos_settlements_onscreen_name_settlement:att_reg_africa_hadrumentum2130448910"	"Гадрумет"	"True"
"start_pos_settlements_onscreen_name_settlement:att_reg_aquitania_avaricum2130447622"	"Аварік"	"True"
"start_pos_settlements_onscreen_name_settlement:att_reg_aquitania_avaricum2130448912"	"Аварік"	"True"
"start_pos_settlements_onscreen_name_settlement:att_reg_aquitania_burdigala2130447623"	"Бурдігала"	"True"
"start_pos_settlements_onscreen_name_settlement:att_reg_aquitania_burdigala2130448914"	"Бурдігала"	"True"
"start_pos_settlements_onscreen_name_settlement:att_reg_aquitania_elusa2130447624"	"Елуза"	"True"
"start_pos_settlements_onscreen_name_settlement:att_reg_aquitania_elusa2130448923"	"Елуза"	"True"
"start_pos_settlements_onscreen_name_settlement:att_reg_arabia_felix_eudaemon2130447625"	"Евдемон"	"True"
"start_pos_settlements_onscreen_name_settlement:att_reg_arabia_felix_eudaemon2130448932"	"Евдемон"	"True"
"start_pos_settlements_onscreen_name_settlement:att_reg_arabia_felix_omana2130447626"	"Омана"	"True"
"start_pos_settlements_onscreen_name_settlement:att_reg_arabia_felix_omana2130448941"	"Омана"	"True"
"start_pos_settlements_onscreen_name_settlement:att_reg_arabia_felix_zafar2130447627"	"Зафар"	"True"
"start_pos_settlements_onscreen_name_settlement:att_reg_arabia_felix_zafar2130448948"	"Зафар"	"True"
"start_pos_settlements_onscreen_name_settlement:att_reg_arabia_magna_dumatha2130447628"	"Думата"	"True"
"start_pos_settlements_onscreen_name_settlement:att_reg_arabia_magna_dumatha2130448950"	"Думата"	"True"
"start_pos_settlements_onscreen_name_settlement:att_reg_arabia_magna_hira2130447629"	"Хіра"	"True"
"start_pos_settlements_onscreen_name_settlement:att_reg_arabia_magna_hira2130448956"	"Хіра"	"True"
"start_pos_settlements_onscreen_name_settlement:att_reg_arabia_magna_yathrib2130447630"	"Ясріб"	"True"
"start_pos_settlements_onscreen_name_settlement:att_reg_arabia_magna_yathrib2130448962"	"Ясріб"	"True"
"start_pos_settlements_onscreen_name_settlement:att_reg_armenia_duin2130447631"	"Дуїн"	"True"
"start_pos_settlements_onscreen_name_settlement:att_reg_armenia_duin2130448965"	"Дуїн"	"True"
"start_pos_settlements_onscreen_name_settlement:att_reg_armenia_payttakaran2130447632"	"Пайтакаран"	"True"
"start_pos_settlements_onscreen_name_settlement:att_reg_armenia_payttakaran2130448973"	"Пайтакаран"	"True"
"start_pos_settlements_onscreen_name_settlement:att_reg_armenia_tosp2130447633"	"Тосп"	"True"
"start_pos_settlements_onscreen_name_settlement:att_reg_armenia_tosp2130448979"	"Тосп"	"True"
"start_pos_settlements_onscreen_name_settlement:att_reg_asia_cyzicus2130447634"	"Кізик"	"True"
"start_pos_settlements_onscreen_name_settlement:att_reg_asia_cyzicus2130448980"	"Кізик"	"True"
"start_pos_settlements_onscreen_name_settlement:att_reg_asia_ephesus2130447635"	"Ефес"	"True"
"start_pos_settlements_onscreen_name_settlement:att_reg_asia_ephesus2130448986"	"Ефес"	"True"
"start_pos_settlements_onscreen_name_settlement:att_reg_asia_synnada2130447636"	"Синнада"	"True"
"start_pos_settlements_onscreen_name_settlement:att_reg_asia_synnada2130448996"	"Синнада"	"True"
"start_pos_settlements_onscreen_name_settlement:att_reg_asorstan_arbela2130447637"	"Арбела"	"True"
"start_pos_settlements_onscreen_name_settlement:att_reg_asorstan_arbela2130449003"	"Арбела"	"True"
"start_pos_settlements_onscreen_name_settlement:att_reg_asorstan_ctesiphon2130447638"	"Ктезифон"	"True"
"start_pos_settlements_onscreen_name_settlement:att_reg_asorstan_ctesiphon2130449006"	"Ктезифон"	"True"
"start_pos_settlements_onscreen_name_settlement:att_reg_asorstan_meshan2130447639"	"Мешан"	"True"
"start_pos_settlements_onscreen_name_settlement:att_reg_asorstan_meshan2130449012"	"Мешан"	"True"
"start_pos_settlements_onscreen_name_settlement:att_reg_baetica_corduba2130447640"	"Кордуба"	"True"
"start_pos_settlements_onscreen_name_settlement:att_reg_baetica_corduba2130449021"	"Кордуба"	"True"
"start_pos_settlements_onscreen_name_settlement:att_reg_baetica_hispalis2130447641"	"Гіспаліс"	"True"
"start_pos_settlements_onscreen_name_settlement:att_reg_baetica_hispalis2130449022"	"Гіспаліс"	"True"
"start_pos_settlements_onscreen_name_settlement:att_reg_baetica_malaca2130447642"	"Малака"	"True"
"start_pos_settlements_onscreen_name_settlement:att_reg_baetica_malaca2130449030"	"Малака"	"True"
"start_pos_settlements_onscreen_name_settlement:att_reg_belgica_augusta_treverorum2130447643"	"Августа Треверорум"	"True"
"start_pos_settlements_onscreen_name_settlement:att_reg_belgica_augusta_treverorum2130449039"	"Августа Треверорум"	"True"
"start_pos_settlements_onscreen_name_settlement:att_reg_belgica_colonia_agrippina2130447644"	"Колонія Агріпіна"	"True"
"start_pos_settlements_onscreen_name_settlement:att_reg_belgica_colonia_agrippina2130449048"	"Колонія Агріпіна"	"True"
"start_pos_settlements_onscreen_name_settlement:att_reg_belgica_durocorterum2130447645"	"Дурокортор"	"True"
"start_pos_settlements_onscreen_name_settlement:att_reg_belgica_durocorterum2130449058"	"Дурокортор"	"True"
"start_pos_settlements_onscreen_name_settlement:att_reg_bithynia_amasea2130447646"	"Синоп"	"True"
"start_pos_settlements_onscreen_name_settlement:att_reg_bithynia_amasea2130449065"	"Синоп"	"True"
"start_pos_settlements_onscreen_name_settlement:att_reg_bithynia_ancyra2130447647"	"Анкіра"	"True"
"start_pos_settlements_onscreen_name_settlement:att_reg_bithynia_ancyra2130449071"	"Анкіра"	"True"
"start_pos_settlements_onscreen_name_settlement:att_reg_bithynia_nicomedia2130447648"	"Нікомідія"	"True"
"start_pos_settlements_onscreen_name_settlement:att_reg_bithynia_nicomedia2130449075"	"Нікомідія"	"True"
"start_pos_settlements_onscreen_name_settlement:att_reg_britannia_inferior_eboracum2130447649"	"Йорк"	"True"
"start_pos_settlements_onscreen_name_settlement:att_reg_britannia_inferior_eboracum2130449077"	"Йорк"	"True"
"start_pos_settlements_onscreen_name_settlement:att_reg_britannia_inferior_lindum2130447650"	"Лінд"	"True"
"start_pos_settlements_onscreen_name_settlement:att_reg_britannia_inferior_lindum2130449084"	"Лінд"	"True"
"start_pos_settlements_onscreen_name_settlement:att_reg_britannia_inferior_segontium2130447651"	"Сегонтій"	"True"
"start_pos_settlements_onscreen_name_settlement:att_reg_britannia_inferior_segontium2130449086"	"Сегонтій"	"True"
"start_pos_settlements_onscreen_name_settlement:att_reg_britannia_superior_camulodunon2130447652"	"Камулодун"	"True"
"start_pos_settlements_onscreen_name_settlement:att_reg_britannia_superior_camulodunon2130449096"	"Камулодун"	"True"
"start_pos_settlements_onscreen_name_settlement:att_reg_britannia_superior_corinium2130447653"	"Кориній"	"True"
"start_pos_settlements_onscreen_name_settlement:att_reg_britannia_superior_corinium2130449101"	"Кориній"	"True"
"start_pos_settlements_onscreen_name_settlement:att_reg_britannia_superior_londinium2130447654"	"Лондиній"	"True"
"start_pos_settlements_onscreen_name_settlement:att_reg_britannia_superior_londinium2130449105"	"Лондиній"	"True"
"start_pos_settlements_onscreen_name_settlement:att_reg_caledonia_et_hibernia_eblana2130447655"	"Еблана"	"True"
"start_pos_settlements_onscreen_name_settlement:att_reg_caledonia_et_hibernia_eblana2130449112"	"Еблана"	"True"
"start_pos_settlements_onscreen_name_settlement:att_reg_caledonia_et_hibernia_eildon2130447656"	"Ейлдон"	"True"
"start_pos_settlements_onscreen_name_settlement:att_reg_caledonia_et_hibernia_eildon2130449116"	"Ейлдон"	"True"
"start_pos_settlements_onscreen_name_settlement:att_reg_caledonia_et_hibernia_tuesis2130447657"	"Туісес"	"True"
"start_pos_settlements_onscreen_name_settlement:att_reg_caledonia_et_hibernia_tuesis2130449125"	"Туісес"	"True"
"start_pos_settlements_onscreen_name_settlement:att_reg_cappadocia_caesarea_eusebia2130447658"	"Кесарія Євсевія"	"True"
"start_pos_settlements_onscreen_name_settlement:att_reg_cappadocia_caesarea_eusebia2130449126"	"Кесарія Євсевія"	"True"
"start_pos_settlements_onscreen_name_settlement:att_reg_cappadocia_melitene2130447659"	"Мелітена"	"True"
"start_pos_settlements_onscreen_name_settlement:att_reg_cappadocia_melitene2130449130"	"Мелітена"	"True"
"start_pos_settlements_onscreen_name_settlement:att_reg_cappadocia_trapezus2130447660"	"Трапез"	"True"
"start_pos_settlements_onscreen_name_settlement:att_reg_cappadocia_trapezus2130449140"	"Трапез"	"True"
"start_pos_settlements_onscreen_name_settlement:att_reg_carthaginensis_carthago_nova2130447661"	"Новий Карфаген"	"True"
"start_pos_settlements_onscreen_name_settlement:att_reg_carthaginensis_carthago_nova2130449146"	"Новий Карфаген"	"True"
"start_pos_settlements_onscreen_name_settlement:att_reg_carthaginensis_segobriga2130447662"	"Сегобрига"	"True"
"start_pos_settlements_onscreen_name_settlement:att_reg_carthaginensis_segobriga2130449154"	"Сегобрига"	"True"
"start_pos_settlements_onscreen_name_settlement:att_reg_carthaginensis_toletum2130447663"	"Толет"	"True"
"start_pos_settlements_onscreen_name_settlement:att_reg_carthaginensis_toletum2130449159"	"Толет"	"True"
"start_pos_settlements_onscreen_name_settlement:att_reg_caucasia_gabala2130447664"	"Габала"	"True"
"start_pos_settlements_onscreen_name_settlement:att_reg_caucasia_gabala2130449167"	"Габала"	"True"
"start_pos_settlements_onscreen_name_settlement:att_reg_caucasia_kotais2130447665"	"Котаїс"	"True"
"start_pos_settlements_onscreen_name_settlement:att_reg_caucasia_kotais2130449172"	"Котаїс"	"True"
"start_pos_settlements_onscreen_name_settlement:att_reg_caucasia_mtskheta2130447666"	"Мцхета"	"True"
"start_pos_settlements_onscreen_name_settlement:att_reg_caucasia_mtskheta2130449175"	"Мцхета"	"True"
"start_pos_settlements_onscreen_name_settlement:att_reg_cilicia_iconium2130447667"	"Іконія"	"True"
"start_pos_settlements_onscreen_name_settlement:att_reg_cilicia_iconium2130449180"	"Іконія"	"True"
"start_pos_settlements_onscreen_name_settlement:att_reg_cilicia_myra2130447668"	"Майра"	"True"
"start_pos_settlements_onscreen_name_settlement:att_reg_cilicia_myra2130449185"	"Майра"	"True"
"start_pos_settlements_onscreen_name_settlement:att_reg_cilicia_tarsus2130447669"	"Тарсус"	"True"
"start_pos_settlements_onscreen_name_settlement:att_reg_cilicia_tarsus2130449192"	"Тарсус"	"True"
"start_pos_settlements_onscreen_name_settlement:att_reg_dacia_apulum2130447670"	"Апула"	"True"
"start_pos_settlements_onscreen_name_settlement:att_reg_dacia_apulum2130449202"	"Апула"	"True"
"start_pos_settlements_onscreen_name_settlement:att_reg_dacia_petrodava2130447671"	"Петродава"	"True"
"start_pos_settlements_onscreen_name_settlement:att_reg_dacia_petrodava2130449207"	"Петродава"	"True"
"start_pos_settlements_onscreen_name_settlement:att_reg_dacia_romula2130447672"	"Ромула"	"True"
"start_pos_settlements_onscreen_name_settlement:att_reg_dacia_romula2130449214"	"Ромула"	"True"
"start_pos_settlements_onscreen_name_settlement:att_reg_dalmatia_domavia2130447673"	"Домавія"	"True"
"start_pos_settlements_onscreen_name_settlement:att_reg_dalmatia_domavia2130449223"	"Домавія"	"True"
"start_pos_settlements_onscreen_name_settlement:att_reg_dalmatia_salona2130447674"	"Салона"	"True"
"start_pos_settlements_onscreen_name_settlement:att_reg_dalmatia_salona2130449228"	"Салона"	"True"
"start_pos_settlements_onscreen_name_settlement:att_reg_dalmatia_siscia2130447675"	"Сисак"	"True"
"start_pos_settlements_onscreen_name_settlement:att_reg_dalmatia_siscia2130449230"	"Сисак"	"True"
"start_pos_settlements_onscreen_name_settlement:att_reg_dardania_scupi2130447676"	"Скупі"	"True"
"start_pos_settlements_onscreen_name_settlement:att_reg_dardania_scupi2130449240"	"Скупі"	"True"
"start_pos_settlements_onscreen_name_settlement:att_reg_dardania_serdica2130447677"	"Сердіка"	"True"
"start_pos_settlements_onscreen_name_settlement:att_reg_dardania_serdica2130449244"	"Сердіка"	"True"
"start_pos_settlements_onscreen_name_settlement:att_reg_dardania_viminacium2130447678"	"Вімінацій"	"True"
"start_pos_settlements_onscreen_name_settlement:att_reg_dardania_viminacium2130449248"	"Вімінацій"	"True"
"start_pos_settlements_onscreen_name_settlement:att_reg_frisia_angulus2130447679"	"Ангул"	"True"
"start_pos_settlements_onscreen_name_settlement:att_reg_frisia_angulus2130449255"	"Ангул"	"True"
"start_pos_settlements_onscreen_name_settlement:att_reg_frisia_flevum2130447680"	"Флев"	"True"
"start_pos_settlements_onscreen_name_settlement:att_reg_frisia_flevum2130449257"	"Флев"	"True"
"start_pos_settlements_onscreen_name_settlement:att_reg_frisia_tulifurdum2130447681"	"Туліфурд"	"True"
"start_pos_settlements_onscreen_name_settlement:att_reg_frisia_tulifurdum2130449260"	"Туліфурд"	"True"
"start_pos_settlements_onscreen_name_settlement:att_reg_gallaecia_asturica2130447682"	"Астуріка"	"True"
"start_pos_settlements_onscreen_name_settlement:att_reg_gallaecia_asturica2130449263"	"Астуріка"	"True"
"start_pos_settlements_onscreen_name_settlement:att_reg_gallaecia_bracara2130447683"	"Бракара"	"True"
"start_pos_settlements_onscreen_name_settlement:att_reg_gallaecia_bracara2130449264"	"Бракара"	"True"
"start_pos_settlements_onscreen_name_settlement:att_reg_gallaecia_brigantium2130447684"	"Бригантій"	"True"
"start_pos_settlements_onscreen_name_settlement:att_reg_gallaecia_brigantium2130449265"	"Бригантій"	"True"
"start_pos_settlements_onscreen_name_settlement:att_reg_germania_aregelia2130447685"	"Арегелія"	"True"
"start_pos_settlements_onscreen_name_settlement:att_reg_germania_aregelia2130449269"	"Арегелія"	"True"
"start_pos_settlements_onscreen_name_settlement:att_reg_germania_lupfurdum2130447686"	"Лупфурд"	"True"
"start_pos_settlements_onscreen_name_settlement:att_reg_germania_lupfurdum2130449277"	"Лупфурд"	"True"
"start_pos_settlements_onscreen_name_settlement:att_reg_germania_uburzis2130447687"	"Убурзіс"	"True"
"start_pos_settlements_onscreen_name_settlement:att_reg_germania_uburzis2130449281"	"Убурзіс"	"True"
"start_pos_settlements_onscreen_name_settlement:att_reg_germano_sarmatia_duna2130447688"	"Дуна"	"True"
"start_pos_settlements_onscreen_name_settlement:att_reg_germano_sarmatia_duna2130449288"	"Дуна"	"True"
"start_pos_settlements_onscreen_name_settlement:att_reg_germano_sarmatia_oium2130447689"	"Оюм"	"True"
"start_pos_settlements_onscreen_name_settlement:att_reg_germano_sarmatia_oium2130449290"	"Оюм"	"True"
"start_pos_settlements_onscreen_name_settlement:att_reg_germano_sarmatia_palteskja2130447690"	"Полоцьк"	"True"
"start_pos_settlements_onscreen_name_settlement:att_reg_germano_sarmatia_palteskja2130449293"	"Полоцьк"	"True"
"start_pos_settlements_onscreen_name_settlement:att_reg_gothiscandza_ascaucalis2130447691"	"Аскаукаліс"	"True"
"start_pos_settlements_onscreen_name_settlement:att_reg_gothiscandza_ascaucalis2130449301"	"Аскаукаліс"	"True"
"start_pos_settlements_onscreen_name_settlement:att_reg_gothiscandza_gothiscandza2130447692"	"Готікскандза"	"True"
"start_pos_settlements_onscreen_name_settlement:att_reg_gothiscandza_gothiscandza2130449309"	"Готікскандза"	"True"
"start_pos_settlements_onscreen_name_settlement:att_reg_gothiscandza_rugion2130447693"	"Ругій"	"True"
"start_pos_settlements_onscreen_name_settlement:att_reg_gothiscandza_rugion2130449315"	"Ругій"	"True"
"start_pos_settlements_onscreen_name_settlement:att_reg_hercynia_budorgis2130447694"	"Будоргіс"	"True"
"start_pos_settlements_onscreen_name_settlement:att_reg_hercynia_budorgis2130449321"	"Будоргіс"	"True"
"start_pos_settlements_onscreen_name_settlement:att_reg_hercynia_casurgis2130447695"	"Касургіс"	"True"
"start_pos_settlements_onscreen_name_settlement:att_reg_hercynia_casurgis2130449326"	"Касургіс"	"True"
"start_pos_settlements_onscreen_name_settlement:att_reg_hercynia_nitrahwa2130447696"	"Нітрахва"	"True"
"start_pos_settlements_onscreen_name_settlement:att_reg_hercynia_nitrahwa2130449332"	"Нітрахва"	"True"
"start_pos_settlements_onscreen_name_settlement:att_reg_hyperborea_kariskos2130447697"	"Каріскос"	"True"
"start_pos_settlements_onscreen_name_settlement:att_reg_hyperborea_kariskos2130449335"	"Каріскос"	"True"
"start_pos_settlements_onscreen_name_settlement:att_reg_hyperborea_moramar2130447698"	"Морамар"	"True"
"start_pos_settlements_onscreen_name_settlement:att_reg_hyperborea_moramar2130449345"	"Морамар"	"True"
"start_pos_settlements_onscreen_name_settlement:att_reg_hyperborea_sylis2130447699"	"Силіс"	"True"
"start_pos_settlements_onscreen_name_settlement:att_reg_hyperborea_sylis2130449347"	"Силіс"	"True"
"start_pos_settlements_onscreen_name_settlement:att_reg_italia_fiorentia2130447700"	"Фіорентина"	"True"
"start_pos_settlements_onscreen_name_settlement:att_reg_italia_fiorentia2130449350"	"Фіорентина"	"True"
"start_pos_settlements_onscreen_name_settlement:att_reg_italia_neapolis2130447701"	"Неаполь"	"True"
"start_pos_settlements_onscreen_name_settlement:att_reg_italia_neapolis2130449354"	"Неаполь"	"True"
"start_pos_settlements_onscreen_name_settlement:att_reg_italia_roma2130447702"	"Рим"	"True"
"start_pos_settlements_onscreen_name_settlement:att_reg_italia_roma2130449360"	"Рим"	"True"
"start_pos_settlements_onscreen_name_settlement:att_reg_khwarasan_abarshahr2130447703"	"Абаршахр"	"True"
"start_pos_settlements_onscreen_name_settlement:att_reg_khwarasan_abarshahr2130449368"	"Абаршахр"	"True"
"start_pos_settlements_onscreen_name_settlement:att_reg_khwarasan_harey2130447704"	"Харєв"	"True"
"start_pos_settlements_onscreen_name_settlement:att_reg_khwarasan_harey2130449375"	"Харєв"	"True"
"start_pos_settlements_onscreen_name_settlement:att_reg_khwarasan_merv2130447705"	"Мерв"	"True"
"start_pos_settlements_onscreen_name_settlement:att_reg_khwarasan_merv2130449379"	"Мерв"	"True"
"start_pos_settlements_onscreen_name_settlement:att_reg_libya_augila2130447706"	"Авджіла"	"True"
"start_pos_settlements_onscreen_name_settlement:att_reg_libya_augila2130449388"	"Авджіла"	"True"
"start_pos_settlements_onscreen_name_settlement:att_reg_libya_paraetonium2130447707"	"Параетон"	"True"
"start_pos_settlements_onscreen_name_settlement:att_reg_libya_paraetonium2130449397"	"Параетон"	"True"
"start_pos_settlements_onscreen_name_settlement:att_reg_libya_ptolemais2130447708"	"Птолемаїда"	"True"
"start_pos_settlements_onscreen_name_settlement:att_reg_libya_ptolemais2130449399"	"Птолемаїда"	"True"
"start_pos_settlements_onscreen_name_settlement:att_reg_liguria_genua2130447709"	"Ґенуя"	"True"
"start_pos_settlements_onscreen_name_settlement:att_reg_liguria_genua2130449401"	"Ґенуя"	"True"
"start_pos_settlements_onscreen_name_settlement:att_reg_liguria_mediolanum2130447710"	"Медіолан"	"True"
"start_pos_settlements_onscreen_name_settlement:att_reg_liguria_mediolanum2130449410"	"Медіолан"	"True"
"start_pos_settlements_onscreen_name_settlement:att_reg_liguria_segusio2130447711"	"Сегузіо"	"True"
"start_pos_settlements_onscreen_name_settlement:att_reg_liguria_segusio2130449412"	"Сегузіо"	"True"
"start_pos_settlements_onscreen_name_settlement:att_reg_lugdunensis_lugdunum2130447712"	"Лугдун"	"True"
"start_pos_settlements_onscreen_name_settlement:att_reg_lugdunensis_lugdunum2130449421"	"Лугдун"	"True"
"start_pos_settlements_onscreen_name_settlement:att_reg_lugdunensis_rotomagus2130447713"	"Ротомаг"	"True"
"start_pos_settlements_onscreen_name_settlement:att_reg_lugdunensis_rotomagus2130449424"	"Ротомаг"	"True"
"start_pos_settlements_onscreen_name_settlement:att_reg_lugdunensis_turonum2130447714"	"Туронум"	"True"
"start_pos_settlements_onscreen_name_settlement:att_reg_lugdunensis_turonum2130449427"	"Туронум"	"True"
"start_pos_settlements_onscreen_name_settlement:att_reg_lusitania_emerita_augusta2130447715"	"Емерита Августа"	"True"
"start_pos_settlements_onscreen_name_settlement:att_reg_lusitania_emerita_augusta2130449431"	"Емерита Августа"	"True"
"start_pos_settlements_onscreen_name_settlement:att_reg_lusitania_olisipo2130447716"	"Олісіпо"	"True"
"start_pos_settlements_onscreen_name_settlement:att_reg_lusitania_olisipo2130449437"	"Олісіпо"	"True"
"start_pos_settlements_onscreen_name_settlement:att_reg_lusitania_pax_augusta2130447717"	"Пакс Августа"	"True"
"start_pos_settlements_onscreen_name_settlement:att_reg_lusitania_pax_augusta2130449446"	"Пакс Августа"	"True"
"start_pos_settlements_onscreen_name_settlement:att_reg_macedonia_corinthus2130447718"	"Коринф"	"True"
"start_pos_settlements_onscreen_name_settlement:att_reg_macedonia_corinthus2130449449"	"Коринф"	"True"
"start_pos_settlements_onscreen_name_settlement:att_reg_macedonia_dyrrhachium2130447719"	"Епідамн"	"True"
"start_pos_settlements_onscreen_name_settlement:att_reg_macedonia_dyrrhachium2130449457"	"Епідамн"	"True"
"start_pos_settlements_onscreen_name_settlement:att_reg_macedonia_thessalonica2130447720"	"Тессалоніки"	"True"
"start_pos_settlements_onscreen_name_settlement:att_reg_macedonia_thessalonica2130449465"	"Тессалоніки"	"True"
"start_pos_settlements_onscreen_name_settlement:att_reg_magna_graecia_rhegium2130447721"	"Регій"	"True"
"start_pos_settlements_onscreen_name_settlement:att_reg_magna_graecia_rhegium2130449475"	"Регій"	"True"
"start_pos_settlements_onscreen_name_settlement:att_reg_magna_graecia_syracusae2130447722"	"Сіракузи"	"True"
"start_pos_settlements_onscreen_name_settlement:att_reg_magna_graecia_syracusae2130449484"	"Сіракузи"	"True"
"start_pos_settlements_onscreen_name_settlement:att_reg_magna_graecia_tarentum2130447723"	"Тарент"	"True"
"start_pos_settlements_onscreen_name_settlement:att_reg_magna_graecia_tarentum2130449486"	"Тарент"	"True"
"start_pos_settlements_onscreen_name_settlement:att_reg_makran_harmosia2130447724"	"Гармосія"	"True"
"start_pos_settlements_onscreen_name_settlement:att_reg_makran_harmosia2130449493"	"Гармосія"	"True"
"start_pos_settlements_onscreen_name_settlement:att_reg_makran_phra2130447725"	"Фра"	"True"
"start_pos_settlements_onscreen_name_settlement:att_reg_makran_phra2130449499"	"Фра"	"True"
"start_pos_settlements_onscreen_name_settlement:att_reg_makran_pura2130447726"	"Пура"	"True"
"start_pos_settlements_onscreen_name_settlement:att_reg_makran_pura2130449501"	"Пура"	"True"
"start_pos_settlements_onscreen_name_settlement:att_reg_mauretania_caesarea2130447727"	"Кесарія"	"True"
"start_pos_settlements_onscreen_name_settlement:att_reg_mauretania_caesarea2130449508"	"Кесарія"	"True"
"start_pos_settlements_onscreen_name_settlement:att_reg_mauretania_tamousiga2130447728"	"Тамусіга"	"True"
"start_pos_settlements_onscreen_name_settlement:att_reg_mauretania_tamousiga2130449518"	"Тамусіга"	"True"
"start_pos_settlements_onscreen_name_settlement:att_reg_mauretania_tingis2130447729"	"Тінгіс"	"True"
"start_pos_settlements_onscreen_name_settlement:att_reg_mauretania_tingis2130449522"	"Тінгіс"	"True"
"start_pos_settlements_onscreen_name_settlement:att_reg_maxima_sequanorum_argentoratum2130447730"	"Аргенторат"	"True"
"start_pos_settlements_onscreen_name_settlement:att_reg_maxima_sequanorum_argentoratum2130449528"	"Аргенторат"	"True"
"start_pos_settlements_onscreen_name_settlement:att_reg_maxima_sequanorum_octodurus2130447731"	"Октодур"	"True"
"start_pos_settlements_onscreen_name_settlement:att_reg_maxima_sequanorum_octodurus2130449530"	"Октодур"	"True"
"start_pos_settlements_onscreen_name_settlement:att_reg_maxima_sequanorum_vesontio2130447732"	"Весонтіо"	"True"
"start_pos_settlements_onscreen_name_settlement:att_reg_maxima_sequanorum_vesontio2130449539"	"Весонтіо"	"True"
"start_pos_settlements_onscreen_name_settlement:att_reg_media_atropatene_ecbatana2130447733"	"Екбатана"	"True"
"start_pos_settlements_onscreen_name_settlement:att_reg_media_atropatene_ecbatana2130449542"	"Екбатана"	"True"
"start_pos_settlements_onscreen_name_settlement:att_reg_media_atropatene_ganzaga2130447734"	"Гонзага"	"True"
"start_pos_settlements_onscreen_name_settlement:att_reg_media_atropatene_ganzaga2130449546"	"Гонзага"	"True"
"start_pos_settlements_onscreen_name_settlement:att_reg_media_atropatene_rhaga2130447735"	"Рага"	"True"
"start_pos_settlements_onscreen_name_settlement:att_reg_media_atropatene_rhaga2130449550"	"Рага"	"True"
"start_pos_settlements_onscreen_name_settlement:att_reg_mediterraneus_occidentalis_ajax2130447798"	"Аякс"	"True"
"start_pos_settlements_onscreen_name_settlement:att_reg_mediterraneus_occidentalis_ajax2130449884"	"Аякс"	"True"
"start_pos_settlements_onscreen_name_settlement:att_reg_mediterraneus_occidentalis_caralis2130447807"	"Караліс"	"True"
"start_pos_settlements_onscreen_name_settlement:att_reg_mediterraneus_occidentalis_caralis2130449892"	"Караліс"	"True"
"start_pos_settlements_onscreen_name_settlement:att_reg_mediterraneus_occidentalis_palma2130447838"	"Пальма"	"True"
"start_pos_settlements_onscreen_name_settlement:att_reg_mediterraneus_occidentalis_palma2130449908"	"Пальма"	"True"
"start_pos_settlements_onscreen_name_settlement:att_reg_mediterraneus_orientalis_constantia2130447825"	"Констанція"	"True"
"start_pos_settlements_onscreen_name_settlement:att_reg_mediterraneus_orientalis_constantia2130449898"	"Констанція"	"True"
"start_pos_settlements_onscreen_name_settlement:att_reg_mediterraneus_orientalis_gortyna2130447816"	"Гортина"	"True"
"start_pos_settlements_onscreen_name_settlement:att_reg_mediterraneus_orientalis_gortyna2130449894"	"Гортина"	"True"
"start_pos_settlements_onscreen_name_settlement:att_reg_mediterraneus_orientalis_rhodes2130447830"	"Родос"	"True"
"start_pos_settlements_onscreen_name_settlement:att_reg_mediterraneus_orientalis_rhodes2130449899"	"Родос"	"True"
"start_pos_settlements_onscreen_name_settlement:att_reg_narbonensis_aquae_sextiae2130447736"	"Акви Секстієві"	"True"
"start_pos_settlements_onscreen_name_settlement:att_reg_narbonensis_aquae_sextiae2130449559"	"Акви Секстієві"	"True"
"start_pos_settlements_onscreen_name_settlement:att_reg_narbonensis_narbo2130447737"	"Нарбо"	"True"
"start_pos_settlements_onscreen_name_settlement:att_reg_narbonensis_narbo2130449569"	"Нарбо"	"True"
"start_pos_settlements_onscreen_name_settlement:att_reg_narbonensis_vienna2130447738"	"Вієнна"	"True"
"start_pos_settlements_onscreen_name_settlement:att_reg_narbonensis_vienna2130449575"	"Вієнна"	"True"
"start_pos_settlements_onscreen_name_settlement:att_reg_osroene_amida2130447739"	"Аміда"	"True"
"start_pos_settlements_onscreen_name_settlement:att_reg_osroene_amida2130449583"	"Аміда"	"True"
"start_pos_settlements_onscreen_name_settlement:att_reg_osroene_edessa2130447740"	"Едеса"	"True"
"start_pos_settlements_onscreen_name_settlement:att_reg_osroene_edessa2130449591"	"Едеса"	"True"
"start_pos_settlements_onscreen_name_settlement:att_reg_osroene_nisibis2130447741"	"Нусайбін"	"True"
"start_pos_settlements_onscreen_name_settlement:att_reg_osroene_nisibis2130449597"	"Нусайбін"	"True"
"start_pos_settlements_onscreen_name_settlement:att_reg_palaestinea_aelia_capitolina2130447742"	"Елія Капітоліна"	"True"
"start_pos_settlements_onscreen_name_settlement:att_reg_palaestinea_aelia_capitolina2130449601"	"Елія Капітоліна"	"True"
"start_pos_settlements_onscreen_name_settlement:att_reg_palaestinea_aila2130447743"	"Айла"	"True"
"start_pos_settlements_onscreen_name_settlement:att_reg_palaestinea_aila2130449604"	"Айла"	"True"
"start_pos_settlements_onscreen_name_settlement:att_reg_palaestinea_nova_trajana_bostra2130447744"	"Нова Траяна Бостра"	"True"
"start_pos_settlements_onscreen_name_settlement:att_reg_palaestinea_nova_trajana_bostra2130449613"	"Нова Траяна Бостра"	"True"
"start_pos_settlements_onscreen_name_settlement:att_reg_pannonia_savaria2130447745"	"Саварія"	"True"
"start_pos_settlements_onscreen_name_settlement:att_reg_pannonia_savaria2130449614"	"Саварія"	"True"
"start_pos_settlements_onscreen_name_settlement:att_reg_pannonia_sirmium2130447746"	"Сірмій"	"True"
"start_pos_settlements_onscreen_name_settlement:att_reg_pannonia_sirmium2130449615"	"Сірмій"	"True"
"start_pos_settlements_onscreen_name_settlement:att_reg_pannonia_sopianae2130447747"	"Сопіне"	"True"
"start_pos_settlements_onscreen_name_settlement:att_reg_pannonia_sopianae2130449622"	"Сопіне"	"True"
"start_pos_settlements_onscreen_name_settlement:att_reg_persis_behdeshir2130447748"	"Бехдезір"	"True"
"start_pos_settlements_onscreen_name_settlement:att_reg_persis_behdeshir2130449631"	"Бехдезір"	"True"
"start_pos_settlements_onscreen_name_settlement:att_reg_persis_siraf2130447749"	"Сіраф"	"True"
"start_pos_settlements_onscreen_name_settlement:att_reg_persis_siraf2130449635"	"Сіраф"	"True"
"start_pos_settlements_onscreen_name_settlement:att_reg_persis_stakhr2130447750"	"Стахр"	"True"
"start_pos_settlements_onscreen_name_settlement:att_reg_persis_stakhr2130449645"	"Стахр"	"True"
"start_pos_settlements_onscreen_name_settlement:att_reg_phazania_cydamus2130447751"	"Сідам"	"True"
"start_pos_settlements_onscreen_name_settlement:att_reg_phazania_cydamus2130449653"	"Сідам"	"True"
"start_pos_settlements_onscreen_name_settlement:att_reg_phazania_dimmidi2130447752"	"Дімміді"	"True"
"start_pos_settlements_onscreen_name_settlement:att_reg_phazania_dimmidi2130449661"	"Дімміді"	"True"
"start_pos_settlements_onscreen_name_settlement:att_reg_phazania_garama2130447753"	"Гарама"	"True"
"start_pos_settlements_onscreen_name_settlement:att_reg_phazania_garama2130449666"	"Гарама"	"True"
"start_pos_settlements_onscreen_name_settlement:att_reg_raetia_et_noricum_augusta_vindelicorum2130447754"	"Августа Вінделікорум"	"True"
"start_pos_settlements_onscreen_name_settlement:att_reg_raetia_et_noricum_augusta_vindelicorum2130449676"	"Августа Вінделікорум"	"True"
"start_pos_settlements_onscreen_name_settlement:att_reg_raetia_et_noricum_iuvavum2130447755"	"Іував"	"True"
"start_pos_settlements_onscreen_name_settlement:att_reg_raetia_et_noricum_iuvavum2130449678"	"Іував"	"True"
"start_pos_settlements_onscreen_name_settlement:att_reg_raetia_et_noricum_virunum2130447756"	"Вірун"	"True"
"start_pos_settlements_onscreen_name_settlement:att_reg_raetia_et_noricum_virunum2130449680"	"Вірун"	"True"
"start_pos_settlements_onscreen_name_settlement:att_reg_sarmatia_asiatica_anacopia2130447757"	"Анакопія"	"True"
"start_pos_settlements_onscreen_name_settlement:att_reg_sarmatia_asiatica_anacopia2130449683"	"Анакопія"	"True"
"start_pos_settlements_onscreen_name_settlement:att_reg_sarmatia_asiatica_samandar2130447758"	"Самандар"	"True"
"start_pos_settlements_onscreen_name_settlement:att_reg_sarmatia_asiatica_samandar2130449684"	"Самандар"	"True"
"start_pos_settlements_onscreen_name_settlement:att_reg_sarmatia_asiatica_tanais2130447759"	"Танаїс"	"True"
"start_pos_settlements_onscreen_name_settlement:att_reg_sarmatia_asiatica_tanais2130449686"	"Танаїс"	"True"
"start_pos_settlements_onscreen_name_settlement:att_reg_sarmatia_europaea_chersonessus2130447760"	"Херсонес"	"True"
"start_pos_settlements_onscreen_name_settlement:att_reg_sarmatia_europaea_chersonessus2130449696"	"Херсонес"	"True"
"start_pos_settlements_onscreen_name_settlement:att_reg_sarmatia_europaea_gelonus2130447761"	"Гелонус"	"True"
"start_pos_settlements_onscreen_name_settlement:att_reg_sarmatia_europaea_gelonus2130449700"	"Гелонус"	"True"
"start_pos_settlements_onscreen_name_settlement:att_reg_sarmatia_europaea_olbia2130447762"	"Ольвія"	"True"
"start_pos_settlements_onscreen_name_settlement:att_reg_sarmatia_europaea_olbia2130449702"	"Ольвія"	"True"
"start_pos_settlements_onscreen_name_settlement:att_reg_scandza_alabu2130447763"	"Алабу"	"True"
"start_pos_settlements_onscreen_name_settlement:att_reg_scandza_alabu2130449705"	"Алабу"	"True"
"start_pos_settlements_onscreen_name_settlement:att_reg_scandza_hafn2130447764"	"Хафн"	"True"
"start_pos_settlements_onscreen_name_settlement:att_reg_scandza_hafn2130449708"	"Хафн"	"True"
"start_pos_settlements_onscreen_name_settlement:att_reg_scandza_hrefnesholt2130447765"	"Хрефнешольт"	"True"
"start_pos_settlements_onscreen_name_settlement:att_reg_scandza_hrefnesholt2130449712"	"Хрефнешольт"	"True"
"start_pos_settlements_onscreen_name_settlement:att_reg_scythia_bolghar2130447766"	"Болгар"	"True"
"start_pos_settlements_onscreen_name_settlement:att_reg_scythia_bolghar2130449720"	"Болгар"	"True"
"start_pos_settlements_onscreen_name_settlement:att_reg_scythia_ra2130447767"	"Раха"	"True"
"start_pos_settlements_onscreen_name_settlement:att_reg_scythia_ra2130449726"	"Раха"	"True"
"start_pos_settlements_onscreen_name_settlement:att_reg_scythia_sarai2130447768"	"Сарай"	"True"
"start_pos_settlements_onscreen_name_settlement:att_reg_scythia_sarai2130449730"	"Сарай"	"True"
"start_pos_settlements_onscreen_name_settlement:att_reg_spahan_issatis2130447769"	"Іссатіс"	"True"
"start_pos_settlements_onscreen_name_settlement:att_reg_spahan_issatis2130449736"	"Іссатіс"	"True"
"start_pos_settlements_onscreen_name_settlement:att_reg_spahan_spahan2130447770"	"Спахан"	"True"
"start_pos_settlements_onscreen_name_settlement:att_reg_spahan_spahan2130449742"	"Спахан"	"True"
"start_pos_settlements_onscreen_name_settlement:att_reg_spahan_susa2130447771"	"Суза"	"True"
"start_pos_settlements_onscreen_name_settlement:att_reg_spahan_susa2130449744"	"Суза"	"True"
"start_pos_settlements_onscreen_name_settlement:att_reg_syria_antiochia2130447772"	"Антіохія"	"True"
"start_pos_settlements_onscreen_name_settlement:att_reg_syria_antiochia2130449752"	"Антіохія"	"True"
"start_pos_settlements_onscreen_name_settlement:att_reg_syria_emesa2130447773"	"Емеса"	"True"
"start_pos_settlements_onscreen_name_settlement:att_reg_syria_emesa2130449756"	"Емеса"	"True"
"start_pos_settlements_onscreen_name_settlement:att_reg_syria_tyrus2130447774"	"Тир"	"True"
"start_pos_settlements_onscreen_name_settlement:att_reg_syria_tyrus2130449757"	"Тир"	"True"
"start_pos_settlements_onscreen_name_settlement:att_reg_tarraconensis_caesaraugusta2130447775"	"Кесаравгуста"	"True"
"start_pos_settlements_onscreen_name_settlement:att_reg_tarraconensis_caesaraugusta2130449767"	"Кесаравгуста"	"True"
"start_pos_settlements_onscreen_name_settlement:att_reg_tarraconensis_pompaelo2130447776"	"Помпаело"	"True"
"start_pos_settlements_onscreen_name_settlement:att_reg_tarraconensis_pompaelo2130449774"	"Помпаело"	"True"
"start_pos_settlements_onscreen_name_settlement:att_reg_tarraconensis_tarraco2130447777"	"Таррако"	"True"
"start_pos_settlements_onscreen_name_settlement:att_reg_tarraconensis_tarraco2130449782"	"Таррако"	"True"
"start_pos_settlements_onscreen_name_settlement:att_reg_thracia_constantinopolis2130447778"	"Константинополь"	"True"
"start_pos_settlements_onscreen_name_settlement:att_reg_thracia_constantinopolis2130449791"	"Константинополь"	"True"
"start_pos_settlements_onscreen_name_settlement:att_reg_thracia_marcianopolis2130447779"	"Марціанополь"	"True"
"start_pos_settlements_onscreen_name_settlement:att_reg_thracia_marcianopolis2130449800"	"Марціанополь"	"True"
"start_pos_settlements_onscreen_name_settlement:att_reg_thracia_trimontium2130447780"	"Тримонцій"	"True"
"start_pos_settlements_onscreen_name_settlement:att_reg_thracia_trimontium2130449809"	"Адріанополь"	"True"
"start_pos_settlements_onscreen_name_settlement:att_reg_transcarpathia_arheimar2130447781"	"Археймар"	"True"
"start_pos_settlements_onscreen_name_settlement:att_reg_transcarpathia_arheimar2130449813"	"Археймар"	"True"
"start_pos_settlements_onscreen_name_settlement:att_reg_transcarpathia_belz2130447782"	"Белз"	"True"
"start_pos_settlements_onscreen_name_settlement:att_reg_transcarpathia_belz2130449816"	"Белз"	"True"
"start_pos_settlements_onscreen_name_settlement:att_reg_transcarpathia_leopolis2130447783"	"Леополь"	"True"
"start_pos_settlements_onscreen_name_settlement:att_reg_transcarpathia_leopolis2130449819"	"Леополь"	"True"
"start_pos_settlements_onscreen_name_settlement:att_reg_transcaspia_dahistan2130447784"	"Дахістан"	"True"
"start_pos_settlements_onscreen_name_settlement:att_reg_transcaspia_dahistan2130449826"	"Дахістан"	"True"
"start_pos_settlements_onscreen_name_settlement:att_reg_transcaspia_kath2130447785"	"Кет"	"True"
"start_pos_settlements_onscreen_name_settlement:att_reg_transcaspia_kath2130449833"	"Кет"	"True"
"start_pos_settlements_onscreen_name_settlement:att_reg_transcaspia_siahkuh2130447786"	"Сіях-Кух"	"True"
"start_pos_settlements_onscreen_name_settlement:att_reg_transcaspia_siahkuh2130449840"	"Сіях-Кух"	"True"
"start_pos_settlements_onscreen_name_settlement:att_reg_tripolitana_leptis_magna2130447787"	"Лептіс-Магна"	"True"
"start_pos_settlements_onscreen_name_settlement:att_reg_tripolitana_leptis_magna2130449845"	"Лептіс-Магна"	"True"
"start_pos_settlements_onscreen_name_settlement:att_reg_tripolitana_macomades2130447788"	"Макомадес"	"True"
"start_pos_settlements_onscreen_name_settlement:att_reg_tripolitana_macomades2130449851"	"Макомадес"	"True"
"start_pos_settlements_onscreen_name_settlement:att_reg_tripolitana_sabrata2130447789"	"Сабрата"	"True"
"start_pos_settlements_onscreen_name_settlement:att_reg_tripolitana_sabrata2130449856"	"Сабрата"	"True"
"start_pos_settlements_onscreen_name_settlement:att_reg_venetia_aquileia2130447790"	"Аквілея"	"True"
"start_pos_settlements_onscreen_name_settlement:att_reg_venetia_aquileia2130449866"	"Аквілея"	"True"
"start_pos_settlements_onscreen_name_settlement:att_reg_venetia_ravenna2130447791"	"Равенна"	"True"
"start_pos_settlements_onscreen_name_settlement:att_reg_venetia_ravenna2130449874"	"Равенна"	"True"
"start_pos_settlements_onscreen_name_settlement:att_reg_venetia_verona2130447792"	"Верона"	"True"
"start_pos_settlements_onscreen_name_settlement:att_reg_venetia_verona2130449878"	"Верона"	"True"
"start_pos_settlements_onscreen_name_settlement:bel_reg_africa_proconsularis_carthago:carthago2130449936"	"Карфаген"	"True"
"start_pos_settlements_onscreen_name_settlement:bel_reg_africa_proconsularis_hippo_diarrhytus:hippo_diarrhytus2130449940"	"Гіппон Діаритус"	"True"
"start_pos_settlements_onscreen_name_settlement:bel_reg_africa_proconsularis_thuburbo:thuburbo2130449949"	"Тубурбо"	"True"
"start_pos_settlements_onscreen_name_settlement:bel_reg_apulia_et_calabria_hydruntum:hydruntum2130449953"	"Гідрунтум"	"True"
"start_pos_settlements_onscreen_name_settlement:bel_reg_apulia_et_calabria_sipontum:sipontum2130449959"	"Сипонт"	"True"
"start_pos_settlements_onscreen_name_settlement:bel_reg_apulia_et_calabria_tarentum:tarentum2130449967"	"Тарент"	"True"
"start_pos_settlements_onscreen_name_settlement:bel_reg_aquitaine_arvernis2130450511"	"Арверніс"	"True"
"start_pos_settlements_onscreen_name_settlement:bel_reg_aquitaine_avaricum2130450509"	"Аварік"	"True"
"start_pos_settlements_onscreen_name_settlement:bel_reg_aquitaine_lemonum2130450500"	"Лимонум"	"True"
"start_pos_settlements_onscreen_name_settlement:bel_reg_austrasia_augustobona_tricassium2130450561"	"Августобона Трикасія"	"True"
"start_pos_settlements_onscreen_name_settlement:bel_reg_austrasia_mettis2130450545"	"Меттіс"	"True"
"start_pos_settlements_onscreen_name_settlement:bel_reg_austrasia_remorum2130450554"	"Реморум"	"True"
"start_pos_settlements_onscreen_name_settlement:bel_reg_baetica_gades2130450369"	"Гадес"	"True"
"start_pos_settlements_onscreen_name_settlement:bel_reg_baetica_hispalis2130450366"	"Гіспаліс"	"True"
"start_pos_settlements_onscreen_name_settlement:bel_reg_baetica_malaca2130450372"	"Малака"	"True"
"start_pos_settlements_onscreen_name_settlement:bel_reg_brittany_gwened2130450527"	"Гвенед"	"True"
"start_pos_settlements_onscreen_name_settlement:bel_reg_brittany_osismorum2130450535"	"Осімор"	"True"
"start_pos_settlements_onscreen_name_settlement:bel_reg_brittany_riedonum2130450531"	"Рієдон"	"True"
"start_pos_settlements_onscreen_name_settlement:bel_reg_burgundy_besantio2130450577"	"Безантіо"	"True"
"start_pos_settlements_onscreen_name_settlement:bel_reg_burgundy_valentia2130450574"	"Валентія"	"True"
"start_pos_settlements_onscreen_name_settlement:bel_reg_burgundy_vienne2130450566"	"Вієнна"	"True"
"start_pos_settlements_onscreen_name_settlement:bel_reg_byzacena_hadrumentum:hadrumentum2130449992"	"Гадрумет"	"True"
"start_pos_settlements_onscreen_name_settlement:bel_reg_byzacena_sufetula:sufetula2130449996"	"Суфетула"	"True"
"start_pos_settlements_onscreen_name_settlement:bel_reg_byzacena_thysdrus:thysdrus2130449999"	"Фидрес"	"True"
"start_pos_settlements_onscreen_name_settlement:bel_reg_campania_et_samnium_beneventum:beneventum2130450002"	"Беневент"	"True"
"start_pos_settlements_onscreen_name_settlement:bel_reg_campania_et_samnium_corfinium:corfinium2130450006"	"Корфіній"	"True"
"start_pos_settlements_onscreen_name_settlement:bel_reg_campania_et_samnium_neapolis:neapolis2130450015"	"Неаполь"	"True"
"start_pos_settlements_onscreen_name_settlement:bel_reg_cantabria_legio2130450438"	"Легіо"	"True"
"start_pos_settlements_onscreen_name_settlement:bel_reg_cantabria_pompaelo2130450448"	"Помпаело"	"True"
"start_pos_settlements_onscreen_name_settlement:bel_reg_cantabria_portus_victoriae2130450443"	"Портус Вікторія"	"True"
"start_pos_settlements_onscreen_name_settlement:bel_reg_carthaginensis_carthago_nova2130450388"	"Новий Карфаген"	"True"
"start_pos_settlements_onscreen_name_settlement:bel_reg_carthaginensis_ilici2130450396"	"Ілічі"	"True"
"start_pos_settlements_onscreen_name_settlement:bel_reg_carthaginensis_libisosa2130450400"	"Лібісоса"	"True"
"start_pos_settlements_onscreen_name_settlement:bel_reg_celtiberia_complutum2130450406"	"Комплутум"	"True"
"start_pos_settlements_onscreen_name_settlement:bel_reg_celtiberia_segovia2130450421"	"Сеговія"	"True"
"start_pos_settlements_onscreen_name_settlement:bel_reg_celtiberia_tolentum2130450416"	"Толентум"	"True"
"start_pos_settlements_onscreen_name_settlement:bel_reg_dalmatia_narona:narona2130450042"	"Нарона"	"True"
"start_pos_settlements_onscreen_name_settlement:bel_reg_dalmatia_salona:salona2130450052"	"Салона"	"True"
"start_pos_settlements_onscreen_name_settlement:bel_reg_dalmatia_tarsatica:tarsatica2130450054"	"Тарсатика"	"True"
"start_pos_settlements_onscreen_name_settlement:bel_reg_epirus_nova_dyrrachium:dyrrachium2130450074"	"Даррахія"	"True"
"start_pos_settlements_onscreen_name_settlement:bel_reg_epirus_nova_nicopolis:nicopolis2130450055"	"Нікополіс"	"True"
"start_pos_settlements_onscreen_name_settlement:bel_reg_epirus_nova_photiki:photiki2130450065"	"Фотикі"	"True"
"start_pos_settlements_onscreen_name_settlement:bel_reg_flaminia_et_picenum_bononia:bononia2130450076"	"Бононія"	"True"
"start_pos_settlements_onscreen_name_settlement:bel_reg_flaminia_et_picenum_pisaurum:pisaurum2130450086"	"Пізаурум"	"True"
"start_pos_settlements_onscreen_name_settlement:bel_reg_flaminia_et_picenum_ravenna:ravenna2130450093"	"Равенна"	"True"
"start_pos_settlements_onscreen_name_settlement:bel_reg_gallaecia_astorga2130450427"	"Асторга"	"True"
"start_pos_settlements_onscreen_name_settlement:bel_reg_gallaecia_bracara2130450426"	"Бракара"	"True"
"start_pos_settlements_onscreen_name_settlement:bel_reg_gallaecia_brigantium2130450437"	"Бригантій"	"True"
"start_pos_settlements_onscreen_name_settlement:bel_reg_italia_cosa:cosa2130450102"	"Коса"	"True"
"start_pos_settlements_onscreen_name_settlement:bel_reg_italia_reate:reate2130450110"	"Реата"	"True"
"start_pos_settlements_onscreen_name_settlement:bel_reg_italia_roma:roma2130450114"	"Рим"	"True"
"start_pos_settlements_onscreen_name_settlement:bel_reg_liguria_augusta_taurinorum:taurinorum2130450120"	"Августа Тауринорум"	"True"
"start_pos_settlements_onscreen_name_settlement:bel_reg_liguria_genua:genua2130450130"	"Ґенуя"	"True"
"start_pos_settlements_onscreen_name_settlement:bel_reg_liguria_mediolanum:mediolanum2130450137"	"Медіолан"	"True"
"start_pos_settlements_onscreen_name_settlement:bel_reg_lucania_et_brutii_crotona:crotona2130450142"	"Кротона"	"True"
"start_pos_settlements_onscreen_name_settlement:bel_reg_lucania_et_brutii_rhegium:rhegium2130450151"	"Регій"	"True"
"start_pos_settlements_onscreen_name_settlement:bel_reg_lucania_et_brutii_thurii:thurii2130450158"	"Турій"	"True"
"start_pos_settlements_onscreen_name_settlement:bel_reg_lusitania_aeminium2130450382"	"Еміній"	"True"
"start_pos_settlements_onscreen_name_settlement:bel_reg_lusitania_emerita2130450379"	"Емерита"	"True"
"start_pos_settlements_onscreen_name_settlement:bel_reg_lusitania_olissipo2130450380"	"Олісіпо"	"True"
"start_pos_settlements_onscreen_name_settlement:bel_reg_mauretania_caesariensis_caesarea2130450327"	"Кесарія"	"True"
"start_pos_settlements_onscreen_name_settlement:bel_reg_mauretania_caesariensis_cartenna2130450330"	"Картенна"	"True"
"start_pos_settlements_onscreen_name_settlement:bel_reg_mauretania_caesariensis_pomaria2130450337"	"Помарія"	"True"
"start_pos_settlements_onscreen_name_settlement:bel_reg_mauretania_sitifensis_cirta2130450325"	"Цирта"	"True"
"start_pos_settlements_onscreen_name_settlement:bel_reg_mauretania_sitifensis_sitifis2130450321"	"Сітіфіс"	"True"
"start_pos_settlements_onscreen_name_settlement:bel_reg_mauretania_sitifensis_tipasa2130450323"	"Типаса"	"True"
"start_pos_settlements_onscreen_name_settlement:bel_reg_mauretania_tingitana_anfa2130450358"	"Анфа"	"True"
"start_pos_settlements_onscreen_name_settlement:bel_reg_mauretania_tingitana_rusaddir2130450340"	"Русадір"	"True"
"start_pos_settlements_onscreen_name_settlement:bel_reg_mauretania_tingitana_tingis2130450350"	"Тінгіс"	"True"
"start_pos_settlements_onscreen_name_settlement:bel_reg_neustria_paris2130450516"	"Париж"	"True"
"start_pos_settlements_onscreen_name_settlement:bel_reg_neustria_portus_namnetum2130450524"	"Портус Намнетум"	"True"
"start_pos_settlements_onscreen_name_settlement:bel_reg_neustria_turonorum2130450521"	"Туронорум"	"True"
"start_pos_settlements_onscreen_name_settlement:bel_reg_novempopulania_aquensium2130450474"	"Аквензіум"	"True"
"start_pos_settlements_onscreen_name_settlement:bel_reg_novempopulania_burdigala2130450475"	"Бурдігала"	"True"
"start_pos_settlements_onscreen_name_settlement:bel_reg_novempopulania_tolosa2130450472"	"Толоса"	"True"
"start_pos_settlements_onscreen_name_settlement:bel_reg_picenum_suburbicarium_ancona:ancona2130450175"	"Анкона"	"True"
"start_pos_settlements_onscreen_name_settlement:bel_reg_picenum_suburbicarium_asculum:asculum2130450183"	"Аскул"	"True"
"start_pos_settlements_onscreen_name_settlement:bel_reg_picenum_suburbicarium_spoletum:spoletum2130450193"	"Сполетум"	"True"
"start_pos_settlements_onscreen_name_settlement:bel_reg_praeualitana_doclea:doclea2130450196"	"Доклея"	"True"
"start_pos_settlements_onscreen_name_settlement:bel_reg_praeualitana_epidaurum:epidaurum2130450203"	"Епідавр"	"True"
"start_pos_settlements_onscreen_name_settlement:bel_reg_praeualitana_lissus:lissus2130450206"	"Ліссус"	"True"
"start_pos_settlements_onscreen_name_settlement:bel_reg_provence_massilia2130450581"	"Масілія"	"True"
"start_pos_settlements_onscreen_name_settlement:bel_reg_provence_nikaia2130450586"	"Нікія"	"True"
"start_pos_settlements_onscreen_name_settlement:bel_reg_provence_vapincum2130450584"	"Вапінкум"	"True"
"start_pos_settlements_onscreen_name_settlement:bel_reg_sardinia_et_corsica_aleria:aleria2130450212"	"Алерія"	"True"
"start_pos_settlements_onscreen_name_settlement:bel_reg_sardinia_et_corsica_caralis:caralis2130450215"	"Караліс"	"True"
"start_pos_settlements_onscreen_name_settlement:bel_reg_sardinia_et_corsica_turris:turris2130450225"	"Турріс"	"True"
"start_pos_settlements_onscreen_name_settlement:bel_reg_septimania_elne2130450486"	"Ельн"	"True"
"start_pos_settlements_onscreen_name_settlement:bel_reg_septimania_narbonne2130450483"	"Нарбонна"	"True"
"start_pos_settlements_onscreen_name_settlement:bel_reg_septimania_nimes2130450496"	"Нім"	"True"
"start_pos_settlements_onscreen_name_settlement:bel_reg_sicilia_agrigentum:agrigentum2130450227"	"Агрігентум"	"True"
"start_pos_settlements_onscreen_name_settlement:bel_reg_sicilia_panormus:panormus2130450235"	"Панормус"	"True"
"start_pos_settlements_onscreen_name_settlement:bel_reg_sicilia_syracuse:syracuse2130450242"	"Сіракузи"	"True"
"start_pos_settlements_onscreen_name_settlement:bel_reg_tarraconensis_barcino2130450464"	"Барчіно"	"True"
"start_pos_settlements_onscreen_name_settlement:bel_reg_tarraconensis_caesaraugusta2130450457"	"Кесаравгуста"	"True"
"start_pos_settlements_onscreen_name_settlement:bel_reg_tarraconensis_valentia2130450456"	"Валентія"	"True"
"start_pos_settlements_onscreen_name_settlement:bel_reg_tuscia_et_umbria_arretium:arretium2130450267"	"Арреціум"	"True"
"start_pos_settlements_onscreen_name_settlement:bel_reg_tuscia_et_umbria_faesulae:faesulae2130450277"	"Фесули"	"True"
"start_pos_settlements_onscreen_name_settlement:bel_reg_tuscia_et_umbria_pisae:pisae2130450282"	"Піза"	"True"
"start_pos_settlements_onscreen_name_settlement:bel_reg_venetia_et_histria_aquileia:aquileia2130450283"	"Аквілея"	"True"
"start_pos_settlements_onscreen_name_settlement:bel_reg_venetia_et_histria_patavium:patavium2130450290"	"Патавіум"	"True"
"start_pos_settlements_onscreen_name_settlement:bel_reg_venetia_et_histria_verona:verona2130450300"	"Верона"	"True"
"start_pos_settlements_onscreen_name_settlement:bel_reg_zeugitana_bulla_regia:bulla_regia2130450307"	"Булла Регія"	"True"
"start_pos_settlements_onscreen_name_settlement:bel_reg_zeugitana_hippo_regis:hippo_regis2130450309"	"Гіппон Регіус"	"True"
"start_pos_settlements_onscreen_name_settlement:bel_reg_zeugitana_thagaste:thagaste2130450318"	"Тагаста"	"True"
"start_pos_settlements_onscreen_name_settlement:cha_reg_al_andalus_almeria2130451533"	"Альмерія"	"True"
"start_pos_settlements_onscreen_name_settlement:cha_reg_al_andalus_cordoba2130451542"	"Кордова"	"True"
"start_pos_settlements_onscreen_name_settlement:cha_reg_al_andalus_jaen2130451546"	"Хаен"	"True"
"start_pos_settlements_onscreen_name_settlement:cha_reg_alemannia_basel2130451547"	"Базель"	"True"
"start_pos_settlements_onscreen_name_settlement:cha_reg_alemannia_chur2130451556"	"Чур"	"True"
"start_pos_settlements_onscreen_name_settlement:cha_reg_alemannia_konstanz2130451561"	"Констанц"	"True"
"start_pos_settlements_onscreen_name_settlement:cha_reg_angria_buraburg2130451564"	"Бурабург"	"True"
"start_pos_settlements_onscreen_name_settlement:cha_reg_angria_erfurt2130451565"	"Ерфурт"	"True"
"start_pos_settlements_onscreen_name_settlement:cha_reg_angria_paderborn2130451574"	"Падерборн"	"True"
"start_pos_settlements_onscreen_name_settlement:cha_reg_austrasia_aachen2130451581"	"Ахен"	"True"
"start_pos_settlements_onscreen_name_settlement:cha_reg_austrasia_metz2130451586"	"Мец"	"True"
"start_pos_settlements_onscreen_name_settlement:cha_reg_austrasia_trier2130451590"	"Трір"	"True"
"start_pos_settlements_onscreen_name_settlement:cha_reg_bavaria_augsburg2130451595"	"Аугсбург"	"True"
"start_pos_settlements_onscreen_name_settlement:cha_reg_bavaria_passau2130451598"	"Пассау"	"True"
"start_pos_settlements_onscreen_name_settlement:cha_reg_bavaria_regensburg2130451600"	"Регенсбург"	"True"
"start_pos_settlements_onscreen_name_settlement:cha_reg_benevento_bari2130451603"	"Барі"	"True"
"start_pos_settlements_onscreen_name_settlement:cha_reg_benevento_benevento2130451608"	"Беневенто"	"True"
"start_pos_settlements_onscreen_name_settlement:cha_reg_benevento_salerno2130451616"	"Салерно"	"True"
"start_pos_settlements_onscreen_name_settlement:cha_reg_bohemia_dresden2130451622"	"Дрезден"	"True"
"start_pos_settlements_onscreen_name_settlement:cha_reg_bohemia_iglau2130451625"	"Іглау"	"True"
"start_pos_settlements_onscreen_name_settlement:cha_reg_bohemia_praha2130451628"	"Прага"	"True"
"start_pos_settlements_onscreen_name_settlement:cha_reg_brittany_quimper2130451637"	"Кімпер"	"True"
"start_pos_settlements_onscreen_name_settlement:cha_reg_brittany_st_malo2130451643"	"Сен-Мало"	"True"
"start_pos_settlements_onscreen_name_settlement:cha_reg_brittany_vannes2130451648"	"Ванн"	"True"
"start_pos_settlements_onscreen_name_settlement:cha_reg_burgundy_geneve2130451658"	"Женева"	"True"
"start_pos_settlements_onscreen_name_settlement:cha_reg_burgundy_grenoble2130451666"	"Гренобль"	"True"
"start_pos_settlements_onscreen_name_settlement:cha_reg_burgundy_lyon2130451674"	"Ліон"	"True"
"start_pos_settlements_onscreen_name_settlement:cha_reg_calabria_kroton2130451679"	"Кротон"	"True"
"start_pos_settlements_onscreen_name_settlement:cha_reg_calabria_region2130451684"	"Реґіон"	"True"
"start_pos_settlements_onscreen_name_settlement:cha_reg_calabria_taranto2130451694"	"Таранто"	"True"
"start_pos_settlements_onscreen_name_settlement:cha_reg_carinthia_lorch2130451701"	"Лорх"	"True"
"start_pos_settlements_onscreen_name_settlement:cha_reg_carinthia_salzburg2130451708"	"Зальцбург"	"True"
"start_pos_settlements_onscreen_name_settlement:cha_reg_carinthia_wien2130451718"	"Вієнна"	"True"
"start_pos_settlements_onscreen_name_settlement:cha_reg_croatia_jadra2130451723"	"Ядра"	"True"
"start_pos_settlements_onscreen_name_settlement:cha_reg_croatia_ptuj2130451732"	"Птуй"	"True"
"start_pos_settlements_onscreen_name_settlement:cha_reg_croatia_sisak2130451733"	"Сісак"	"True"
"start_pos_settlements_onscreen_name_settlement:cha_reg_east_aquitaine_arvernis2130451742"	"Арверніс"	"True"
"start_pos_settlements_onscreen_name_settlement:cha_reg_east_aquitaine_autun2130451743"	"Отен"	"True"
"start_pos_settlements_onscreen_name_settlement:cha_reg_east_aquitaine_rodez2130451750"	"Родез"	"True"
"start_pos_settlements_onscreen_name_settlement:cha_reg_east_neustria_amiens2130451754"	"Ам'єн"	"True"
"start_pos_settlements_onscreen_name_settlement:cha_reg_east_neustria_reims2130451761"	"Реймс"	"True"
"start_pos_settlements_onscreen_name_settlement:cha_reg_east_neustria_troyes2130451770"	"Труа"	"True"
"start_pos_settlements_onscreen_name_settlement:cha_reg_eastphalia_halberstadt2130451771"	"Хальберштадт"	"True"
"start_pos_settlements_onscreen_name_settlement:cha_reg_eastphalia_hildesheim2130451772"	"Гільдесхайм"	"True"
"start_pos_settlements_onscreen_name_settlement:cha_reg_eastphalia_magdeburg2130451774"	"Магдебург"	"True"
"start_pos_settlements_onscreen_name_settlement:cha_reg_exarchate_ancona2130451778"	"Анкона"	"True"
"start_pos_settlements_onscreen_name_settlement:cha_reg_exarchate_bologna2130451785"	"Болонья"	"True"
"start_pos_settlements_onscreen_name_settlement:cha_reg_exarchate_ravenna2130451793"	"Равенна"	"True"
"start_pos_settlements_onscreen_name_settlement:cha_reg_france_chatres2130451797"	"Шартр"	"True"
"start_pos_settlements_onscreen_name_settlement:cha_reg_france_paris2130451801"	"Париж"	"True"
"start_pos_settlements_onscreen_name_settlement:cha_reg_france_tours2130451805"	"Тур"	"True"
"start_pos_settlements_onscreen_name_settlement:cha_reg_franconia_frankfurt2130451808"	"Франкфурт"	"True"
"start_pos_settlements_onscreen_name_settlement:cha_reg_franconia_hallstadt2130451815"	"Гальштадт"	"True"
"start_pos_settlements_onscreen_name_settlement:cha_reg_franconia_wurzburg2130451816"	"Вюрцбург"	"True"
"start_pos_settlements_onscreen_name_settlement:cha_reg_frisia_boulogne2130451823"	"Булонь"	"True"
"start_pos_settlements_onscreen_name_settlement:cha_reg_frisia_ghent2130451830"	"Гент"	"True"
"start_pos_settlements_onscreen_name_settlement:cha_reg_frisia_utrecht2130451836"	"Утрехт"	"True"
"start_pos_settlements_onscreen_name_settlement:cha_reg_friuli_aquileia2130451838"	"Аквілея"	"True"
"start_pos_settlements_onscreen_name_settlement:cha_reg_friuli_venezia2130451846"	"Венеція"	"True"
"start_pos_settlements_onscreen_name_settlement:cha_reg_friuli_verona2130451852"	"Верона"	"True"
"start_pos_settlements_onscreen_name_settlement:cha_reg_gallicia_lugo2130451853"	"Луго"	"True"
"start_pos_settlements_onscreen_name_settlement:cha_reg_gallicia_oviedo2130451863"	"Ов'єдо"	"True"
"start_pos_settlements_onscreen_name_settlement:cha_reg_gallicia_santiago2130451866"	"Сантьяго"	"True"
"start_pos_settlements_onscreen_name_settlement:cha_reg_gascony_agen2130451871"	"Ажен"	"True"
"start_pos_settlements_onscreen_name_settlement:cha_reg_gascony_bayonne2130451881"	"Байонна"	"True"
"start_pos_settlements_onscreen_name_settlement:cha_reg_gascony_bordeaux2130451888"	"Бордо"	"True"
"start_pos_settlements_onscreen_name_settlement:cha_reg_gharb_al_anadalus_beja2130451894"	"Бежа"	"True"
"start_pos_settlements_onscreen_name_settlement:cha_reg_gharb_al_anadalus_cadiz2130451903"	"Кадіс"	"True"
"start_pos_settlements_onscreen_name_settlement:cha_reg_gharb_al_anadalus_seville2130451904"	"Севілья"	"True"
"start_pos_settlements_onscreen_name_settlement:cha_reg_jutland_aarhus2130451908"	"Орхус"	"True"
"start_pos_settlements_onscreen_name_settlement:cha_reg_jutland_hedeby2130451913"	"Хедебю"	"True"
"start_pos_settlements_onscreen_name_settlement:cha_reg_jutland_ribe2130451922"	"Рібе"	"True"
"start_pos_settlements_onscreen_name_settlement:cha_reg_leon_leon2130451931"	"Леон"	"True"
"start_pos_settlements_onscreen_name_settlement:cha_reg_leon_santander2130451932"	"Сантандер"	"True"
"start_pos_settlements_onscreen_name_settlement:cha_reg_leon_valladoid2130451934"	"Вальядолід"	"True"
"start_pos_settlements_onscreen_name_settlement:cha_reg_lombardy_genova2130451935"	"Ґенуя"	"True"
"start_pos_settlements_onscreen_name_settlement:cha_reg_lombardy_pavia2130451940"	"Павія"	"True"
"start_pos_settlements_onscreen_name_settlement:cha_reg_lombardy_pisa2130451947"	"Піза"	"True"
"start_pos_settlements_onscreen_name_settlement:cha_reg_marca_hispanica_barcelona2130451948"	"Барселона"	"True"
"start_pos_settlements_onscreen_name_settlement:cha_reg_marca_hispanica_girona2130451957"	"Жирона"	"True"
"start_pos_settlements_onscreen_name_settlement:cha_reg_marca_hispanica_tarragona2130451962"	"Таррагона"	"True"
"start_pos_settlements_onscreen_name_settlement:cha_reg_marca_inferior_braga2130451971"	"Брага"	"True"
"start_pos_settlements_onscreen_name_settlement:cha_reg_marca_inferior_coimbra2130451977"	"Коїмбра"	"True"
"start_pos_settlements_onscreen_name_settlement:cha_reg_marca_inferior_lisbon2130451980"	"Лісабон"	"True"
"start_pos_settlements_onscreen_name_settlement:cha_reg_marca_media_caceres2130451983"	"Касерес"	"True"
"start_pos_settlements_onscreen_name_settlement:cha_reg_marca_media_merida2130451990"	"Меріда"	"True"
"start_pos_settlements_onscreen_name_settlement:cha_reg_marca_media_salamanca2130451996"	"Саламанка"	"True"
"start_pos_settlements_onscreen_name_settlement:cha_reg_mercia_chester2130452002"	"Честер"	"True"
"start_pos_settlements_onscreen_name_settlement:cha_reg_mercia_lichfield2130452012"	"Лічфілд"	"True"
"start_pos_settlements_onscreen_name_settlement:cha_reg_mercia_lincoln2130452013"	"Лінкольн"	"True"
"start_pos_settlements_onscreen_name_settlement:cha_reg_moravia_mosaburg2130452016"	"Мосабург"	"True"
"start_pos_settlements_onscreen_name_settlement:cha_reg_moravia_nitra2130452021"	"Нітра"	"True"
"start_pos_settlements_onscreen_name_settlement:cha_reg_moravia_savaria2130452029"	"Саварія"	"True"
"start_pos_settlements_onscreen_name_settlement:cha_reg_munster_cashel2130452034"	"Кашел"	"True"
"start_pos_settlements_onscreen_name_settlement:cha_reg_munster_cork2130452037"	"Корк"	"True"
"start_pos_settlements_onscreen_name_settlement:cha_reg_munster_dublin2130452044"	"Дублін"	"True"
"start_pos_settlements_onscreen_name_settlement:cha_reg_navarre_pamplona2130452053"	"Памплона"	"True"
"start_pos_settlements_onscreen_name_settlement:cha_reg_navarre_saragossa2130452058"	"Сарагоса"	"True"
"start_pos_settlements_onscreen_name_settlement:cha_reg_navarre_tudela2130452060"	"Тудела"	"True"
"start_pos_settlements_onscreen_name_settlement:cha_reg_northumbria_bamburgh2130452065"	"Бамбург"	"True"
"start_pos_settlements_onscreen_name_settlement:cha_reg_northumbria_streonshalh2130452066"	"Стреоншалх"	"True"
"start_pos_settlements_onscreen_name_settlement:cha_reg_northumbria_york2130452076"	"Йорк"	"True"
"start_pos_settlements_onscreen_name_settlement:cha_reg_obodrites_havelberg2130452082"	"Гавельберг"	"True"
"start_pos_settlements_onscreen_name_settlement:cha_reg_obodrites_rerik2130452086"	"Рерік"	"True"
"start_pos_settlements_onscreen_name_settlement:cha_reg_obodrites_stargard2130452090"	"Старгард"	"True"
"start_pos_settlements_onscreen_name_settlement:cha_reg_pannonia_cibakhaza2130452097"	"Цибахаза"	"True"
"start_pos_settlements_onscreen_name_settlement:cha_reg_pannonia_kaposvar2130452102"	"Капошвар"	"True"
"start_pos_settlements_onscreen_name_settlement:cha_reg_pannonia_szeged2130452112"	"Сегед"	"True"
"start_pos_settlements_onscreen_name_settlement:cha_reg_pictland_dumbarton2130452115"	"Дамбартон"	"True"
"start_pos_settlements_onscreen_name_settlement:cha_reg_pictland_rhynie2130452116"	"Ріні"	"True"
"start_pos_settlements_onscreen_name_settlement:cha_reg_pictland_scone2130452124"	"Скон"	"True"
"start_pos_settlements_onscreen_name_settlement:cha_reg_provence_arles2130452125"	"Арль"	"True"
"start_pos_settlements_onscreen_name_settlement:cha_reg_provence_marseille2130452132"	"Марсель"	"True"
"start_pos_settlements_onscreen_name_settlement:cha_reg_provence_nice2130452134"	"Ніцца"	"True"
"start_pos_settlements_onscreen_name_settlement:cha_reg_rome_roma2130452136"	"Рим"	"True"
"start_pos_settlements_onscreen_name_settlement:cha_reg_rome_siena2130452146"	"Сієна"	"True"
"start_pos_settlements_onscreen_name_settlement:cha_reg_rome_spoleto2130452150"	"Сполето"	"True"
"start_pos_settlements_onscreen_name_settlement:cha_reg_sardinia_and_corsica_ajaccio2130452152"	"Аяччо"	"True"
"start_pos_settlements_onscreen_name_settlement:cha_reg_sardinia_and_corsica_cagliari2130452162"	"Кальярі"	"True"
"start_pos_settlements_onscreen_name_settlement:cha_reg_sardinia_and_corsica_olbia2130452170"	"Ольвія"	"True"
"start_pos_settlements_onscreen_name_settlement:cha_reg_saxony_bremen2130452180"	"Бремен"	"True"
"start_pos_settlements_onscreen_name_settlement:cha_reg_saxony_hamburg2130452189"	"Гамбург"	"True"
"start_pos_settlements_onscreen_name_settlement:cha_reg_saxony_osnabruck2130452190"	"Оснабрюк"	"True"
"start_pos_settlements_onscreen_name_settlement:cha_reg_septimania_narbonne2130452199"	"Нарбонна"	"True"
"start_pos_settlements_onscreen_name_settlement:cha_reg_septimania_toulouse2130452206"	"Тулуза"	"True"
"start_pos_settlements_onscreen_name_settlement:cha_reg_septimania_urgell2130452213"	"Урхель"	"True"
"start_pos_settlements_onscreen_name_settlement:cha_reg_sicilia_akragas2130452218"	"Акрагас"	"True"
"start_pos_settlements_onscreen_name_settlement:cha_reg_sicilia_panormos2130452228"	"Панормос"	"True"
"start_pos_settlements_onscreen_name_settlement:cha_reg_sicilia_syracuse2130452229"	"Сіракузи"	"True"
"start_pos_settlements_onscreen_name_settlement:cha_reg_swabia_bescanon2130452232"	"Безансон"	"True"
"start_pos_settlements_onscreen_name_settlement:cha_reg_swabia_speyer2130452236"	"Шпаєр"	"True"
"start_pos_settlements_onscreen_name_settlement:cha_reg_swabia_strasbourg2130452238"	"Страсбург"	"True"
"start_pos_settlements_onscreen_name_settlement:cha_reg_toledo_calatrava2130452246"	"Калатрава"	"True"
"start_pos_settlements_onscreen_name_settlement:cha_reg_toledo_guadalajara2130452251"	"Гвадалахара"	"True"
"start_pos_settlements_onscreen_name_settlement:cha_reg_toledo_toledo2130452255"	"Толедо"	"True"
"start_pos_settlements_onscreen_name_settlement:cha_reg_ulster_cruachan2130452264"	"Круахан"	"True"
"start_pos_settlements_onscreen_name_settlement:cha_reg_ulster_downpatrick2130452265"	"Даунпатрик"	"True"
"start_pos_settlements_onscreen_name_settlement:cha_reg_ulster_grinan_of_ailech2130452267"	"Грінан Айлех"	"True"
"start_pos_settlements_onscreen_name_settlement:cha_reg_valencia_cartagena2130452277"	"Карфаген"	"True"
"start_pos_settlements_onscreen_name_settlement:cha_reg_valencia_palma2130452284"	"Пальма"	"True"
"start_pos_settlements_onscreen_name_settlement:cha_reg_valencia_valencia2130452291"	"Валенсія"	"True"
"start_pos_settlements_onscreen_name_settlement:cha_reg_wales_caerwent2130452296"	"Кервент"	"True"
"start_pos_settlements_onscreen_name_settlement:cha_reg_wales_degannwy2130452297"	"Деґанві"	"True"
"start_pos_settlements_onscreen_name_settlement:cha_reg_wales_mathrafal2130452298"	"Матрафал"	"True"
"start_pos_settlements_onscreen_name_settlement:cha_reg_wessex_canterbury2130452305"	"Кентербері"	"True"
"start_pos_settlements_onscreen_name_settlement:cha_reg_wessex_london2130452311"	"Лондон"	"True"
"start_pos_settlements_onscreen_name_settlement:cha_reg_wessex_winchester2130452317"	"Вінчестер"	"True"
"start_pos_settlements_onscreen_name_settlement:cha_reg_west_aquitaine_angouleme2130452327"	"Ангулем"	"True"
"start_pos_settlements_onscreen_name_settlement:cha_reg_west_aquitaine_bourges2130452331"	"Бурж"	"True"
"start_pos_settlements_onscreen_name_settlement:cha_reg_west_aquitaine_poitiers2130452333"	"Пуатьє"	"True"
"start_pos_settlements_onscreen_name_settlement:cha_reg_west_neustria_bayeux2130452343"	"Байо"	"True"
"start_pos_settlements_onscreen_name_settlement:cha_reg_west_neustria_nantes2130452344"	"Нант"	"True"
"start_pos_settlements_onscreen_name_settlement:cha_reg_west_neustria_rennes2130452348"	"Ренн"	"True"
"start_pos_settlements_onscreen_name_settlement:cha_reg_wilzi_brandenburg2130452356"	"Бранденбург"	"True"
"start_pos_settlements_onscreen_name_settlement:cha_reg_wilzi_cottbus2130452357"	"Котбус"	"True"
"start_pos_settlements_onscreen_name_settlement:cha_reg_wilzi_lipsk2130452362"	"Лейпціг"	"True"